sku_id,period,demand_qty,shipped_qty
BRG-6204,2025-W41,243,243
BRG-6204,2025-W42,414,414
BRG-6204,2025-W43,404,404
BRG-6204,2025-W44,323,323
BRG-6204,2025-W45,277,277
BRG-6204,2025-W46,429,429
BRG-6204,2025-W47,355,355
BRG-6204,2025-W48,238,238
BRG-6204,2025-W49,451,451
BRG-6204,2025-W50,413,413
BRG-6204,2025-W51,253,253
BRG-6204,2025-W52,321,321
BRG-6204,2026-W01,246,246
BRG-6204,2026-W02,297,297
BRG-6204,2026-W03,289,289
BRG-6204,2026-W04,285,285
BRG-6204,2026-W05,577,577
BRG-6204,2026-W06,530,530
BRG-6204,2026-W07,450,450
BRG-6204,2026-W08,387,387
BRG-6204,2026-W09,536,536
BRG-6204,2026-W10,505,505
BRG-6204,2026-W11,439,439
BRG-6204,2026-W12,333,333
BRG-6204,2026-W13,470,470
BRG-6204,2026-W14,262,262
BRG-6204,2026-W15,380,143
BRG-6204,2026-W16,332,0
BRG-6204,2026-W17,325,0
BRG-6204,2026-W18,310,310
BRG-6204,2026-W19,377,377
BRG-6204,2026-W20,411,411
BRG-6204,2026-W21,515,515
BRG-6204,2026-W22,233,67
BRG-6204,2026-W23,305,0
BRG-6204,2026-W24,369,369
BRG-6204,2026-W25,375,375
BRG-6204,2026-W26,430,430
BRG-6204,2026-W27,356,356
BRG-6204,2026-W28,389,150
BRG-6204,2026-W29,297,0
BRG-6204,2026-W30,490,490
BRG-6204,2026-W31,651,651
BRG-6204,2026-W32,411,411
BRG-6204,2026-W33,460,128
BRG-6204,2026-W34,433,0
BRG-6204,2026-W35,192,0
BRG-6204,2026-W36,745,745
BRG-6204,2026-W37,408,95
BRG-6204,2026-W38,289,289
BRG-6204,2026-W39,264,264
BRG-6204,2026-W40,577,577
BRG-6305,2025-W41,168,168
BRG-6305,2025-W42,234,234
BRG-6305,2025-W43,249,249
BRG-6305,2025-W44,150,84
BRG-6305,2025-W45,242,242
BRG-6305,2025-W46,131,131
BRG-6305,2025-W47,144,144
BRG-6305,2025-W48,121,121
BRG-6305,2025-W49,179,179
BRG-6305,2025-W50,157,157
BRG-6305,2025-W51,320,320
BRG-6305,2025-W52,192,192
BRG-6305,2026-W01,102,102
BRG-6305,2026-W02,121,121
BRG-6305,2026-W03,204,204
BRG-6305,2026-W04,231,231
BRG-6305,2026-W05,203,203
BRG-6305,2026-W06,288,288
BRG-6305,2026-W07,172,172
BRG-6305,2026-W08,197,197
BRG-6305,2026-W09,201,201
BRG-6305,2026-W10,629,575
BRG-6305,2026-W11,128,0
BRG-6305,2026-W12,256,256
BRG-6305,2026-W13,183,183
BRG-6305,2026-W14,78,78
BRG-6305,2026-W15,333,323
BRG-6305,2026-W16,123,0
BRG-6305,2026-W17,165,0
BRG-6305,2026-W18,206,0
BRG-6305,2026-W19,138,0
BRG-6305,2026-W20,129,0
BRG-6305,2026-W21,254,254
BRG-6305,2026-W22,100,100
BRG-6305,2026-W23,155,155
BRG-6305,2026-W24,228,228
BRG-6305,2026-W25,180,103
BRG-6305,2026-W26,316,316
BRG-6305,2026-W27,312,104
BRG-6305,2026-W28,326,0
BRG-6305,2026-W29,108,108
BRG-6305,2026-W30,136,136
BRG-6305,2026-W31,139,139
BRG-6305,2026-W32,251,37
BRG-6305,2026-W33,133,0
BRG-6305,2026-W34,281,281
BRG-6305,2026-W35,144,144
BRG-6305,2026-W36,290,290
BRG-6305,2026-W37,287,125
BRG-6305,2026-W38,96,0
BRG-6305,2026-W39,227,0
BRG-6305,2026-W40,154,0
BRG-UCP208,2025-W41,53,53
BRG-UCP208,2025-W42,29,29
BRG-UCP208,2025-W43,29,29
BRG-UCP208,2025-W44,62,62
BRG-UCP208,2025-W45,86,86
BRG-UCP208,2025-W46,45,45
BRG-UCP208,2025-W47,17,17
BRG-UCP208,2025-W48,133,133
BRG-UCP208,2025-W49,72,72
BRG-UCP208,2025-W50,54,54
BRG-UCP208,2025-W51,105,105
BRG-UCP208,2025-W52,89,89
BRG-UCP208,2026-W01,46,46
BRG-UCP208,2026-W02,60,60
BRG-UCP208,2026-W03,72,72
BRG-UCP208,2026-W04,149,98
BRG-UCP208,2026-W05,58,58
BRG-UCP208,2026-W06,70,70
BRG-UCP208,2026-W07,24,24
BRG-UCP208,2026-W08,52,52
BRG-UCP208,2026-W09,105,105
BRG-UCP208,2026-W10,60,51
BRG-UCP208,2026-W11,23,23
BRG-UCP208,2026-W12,56,56
BRG-UCP208,2026-W13,28,28
BRG-UCP208,2026-W14,65,65
BRG-UCP208,2026-W15,50,50
BRG-UCP208,2026-W16,81,81
BRG-UCP208,2026-W17,43,43
BRG-UCP208,2026-W18,49,14
BRG-UCP208,2026-W19,86,86
BRG-UCP208,2026-W20,27,27
BRG-UCP208,2026-W21,56,56
BRG-UCP208,2026-W22,52,52
BRG-UCP208,2026-W23,52,52
BRG-UCP208,2026-W24,32,32
BRG-UCP208,2026-W25,208,55
BRG-UCP208,2026-W26,87,0
BRG-UCP208,2026-W27,59,59
BRG-UCP208,2026-W28,43,43
BRG-UCP208,2026-W29,79,79
BRG-UCP208,2026-W30,39,39
BRG-UCP208,2026-W31,34,20
BRG-UCP208,2026-W32,199,0
BRG-UCP208,2026-W33,61,61
BRG-UCP208,2026-W34,76,59
BRG-UCP208,2026-W35,63,63
BRG-UCP208,2026-W36,51,51
BRG-UCP208,2026-W37,28,6
BRG-UCP208,2026-W38,57,0
BRG-UCP208,2026-W39,36,36
BRG-UCP208,2026-W40,52,52
SEAL-OR-50,2025-W41,231,231
SEAL-OR-50,2025-W42,136,136
SEAL-OR-50,2025-W43,94,94
SEAL-OR-50,2025-W44,213,213
SEAL-OR-50,2025-W45,110,110
SEAL-OR-50,2025-W46,128,128
SEAL-OR-50,2025-W47,202,202
SEAL-OR-50,2025-W48,149,149
SEAL-OR-50,2025-W49,181,181
SEAL-OR-50,2025-W50,170,170
SEAL-OR-50,2025-W51,116,116
SEAL-OR-50,2025-W52,159,159
SEAL-OR-50,2026-W01,116,116
SEAL-OR-50,2026-W02,133,133
SEAL-OR-50,2026-W03,263,263
SEAL-OR-50,2026-W04,134,134
SEAL-OR-50,2026-W05,176,176
SEAL-OR-50,2026-W06,155,155
SEAL-OR-50,2026-W07,114,114
SEAL-OR-50,2026-W08,138,138
SEAL-OR-50,2026-W09,190,190
SEAL-OR-50,2026-W10,207,207
SEAL-OR-50,2026-W11,134,134
SEAL-OR-50,2026-W12,155,111
SEAL-OR-50,2026-W13,140,140
SEAL-OR-50,2026-W14,121,121
SEAL-OR-50,2026-W15,100,100
SEAL-OR-50,2026-W16,204,204
SEAL-OR-50,2026-W17,143,143
SEAL-OR-50,2026-W18,134,134
SEAL-OR-50,2026-W19,128,128
SEAL-OR-50,2026-W20,197,197
SEAL-OR-50,2026-W21,152,113
SEAL-OR-50,2026-W22,127,127
SEAL-OR-50,2026-W23,111,111
SEAL-OR-50,2026-W24,197,197
SEAL-OR-50,2026-W25,200,200
SEAL-OR-50,2026-W26,109,109
SEAL-OR-50,2026-W27,122,122
SEAL-OR-50,2026-W28,146,146
SEAL-OR-50,2026-W29,149,149
SEAL-OR-50,2026-W30,253,253
SEAL-OR-50,2026-W31,208,186
SEAL-OR-50,2026-W32,138,138
SEAL-OR-50,2026-W33,124,124
SEAL-OR-50,2026-W34,138,138
SEAL-OR-50,2026-W35,160,160
SEAL-OR-50,2026-W36,139,139
SEAL-OR-50,2026-W37,155,155
SEAL-OR-50,2026-W38,128,128
SEAL-OR-50,2026-W39,208,208
SEAL-OR-50,2026-W40,168,168
SEAL-SH-40,2025-W41,104,104
SEAL-SH-40,2025-W42,218,218
SEAL-SH-40,2025-W43,118,118
SEAL-SH-40,2025-W44,154,154
SEAL-SH-40,2025-W45,111,111
SEAL-SH-40,2025-W46,76,76
SEAL-SH-40,2025-W47,81,81
SEAL-SH-40,2025-W48,103,103
SEAL-SH-40,2025-W49,131,131
SEAL-SH-40,2025-W50,104,104
SEAL-SH-40,2025-W51,84,84
SEAL-SH-40,2025-W52,113,113
SEAL-SH-40,2026-W01,214,214
SEAL-SH-40,2026-W02,103,103
SEAL-SH-40,2026-W03,236,236
SEAL-SH-40,2026-W04,158,158
SEAL-SH-40,2026-W05,220,220
SEAL-SH-40,2026-W06,65,65
SEAL-SH-40,2026-W07,141,141
SEAL-SH-40,2026-W08,52,52
SEAL-SH-40,2026-W09,126,126
SEAL-SH-40,2026-W10,158,158
SEAL-SH-40,2026-W11,120,120
SEAL-SH-40,2026-W12,95,95
SEAL-SH-40,2026-W13,264,205
SEAL-SH-40,2026-W14,220,0
SEAL-SH-40,2026-W15,218,0
SEAL-SH-40,2026-W16,169,0
SEAL-SH-40,2026-W17,90,0
SEAL-SH-40,2026-W18,128,128
SEAL-SH-40,2026-W19,59,59
SEAL-SH-40,2026-W20,54,54
SEAL-SH-40,2026-W21,58,58
SEAL-SH-40,2026-W22,145,145
SEAL-SH-40,2026-W23,141,116
SEAL-SH-40,2026-W24,116,116
SEAL-SH-40,2026-W25,151,151
SEAL-SH-40,2026-W26,331,13
SEAL-SH-40,2026-W27,76,76
SEAL-SH-40,2026-W28,74,74
SEAL-SH-40,2026-W29,114,114
SEAL-SH-40,2026-W30,141,141
SEAL-SH-40,2026-W31,198,155
SEAL-SH-40,2026-W32,126,0
SEAL-SH-40,2026-W33,172,172
SEAL-SH-40,2026-W34,108,108
SEAL-SH-40,2026-W35,76,0
SEAL-SH-40,2026-W36,195,0
SEAL-SH-40,2026-W37,70,70
SEAL-SH-40,2026-W38,91,91
SEAL-SH-40,2026-W39,108,108
SEAL-SH-40,2026-W40,504,291
HYD-HOSE-12,2025-W41,17,17
HYD-HOSE-12,2025-W42,46,46
HYD-HOSE-12,2025-W43,41,41
HYD-HOSE-12,2025-W44,40,40
HYD-HOSE-12,2025-W45,23,23
HYD-HOSE-12,2025-W46,23,23
HYD-HOSE-12,2025-W47,32,32
HYD-HOSE-12,2025-W48,38,38
HYD-HOSE-12,2025-W49,35,35
HYD-HOSE-12,2025-W50,30,30
HYD-HOSE-12,2025-W51,67,67
HYD-HOSE-12,2025-W52,33,7
HYD-HOSE-12,2026-W01,44,44
HYD-HOSE-12,2026-W02,42,32
HYD-HOSE-12,2026-W03,43,43
HYD-HOSE-12,2026-W04,20,20
HYD-HOSE-12,2026-W05,30,30
HYD-HOSE-12,2026-W06,23,23
HYD-HOSE-12,2026-W07,56,56
HYD-HOSE-12,2026-W08,31,31
HYD-HOSE-12,2026-W09,79,79
HYD-HOSE-12,2026-W10,46,46
HYD-HOSE-12,2026-W11,27,27
HYD-HOSE-12,2026-W12,24,24
HYD-HOSE-12,2026-W13,72,72
HYD-HOSE-12,2026-W14,38,38
HYD-HOSE-12,2026-W15,37,37
HYD-HOSE-12,2026-W16,30,30
HYD-HOSE-12,2026-W17,15,15
HYD-HOSE-12,2026-W18,46,46
HYD-HOSE-12,2026-W19,61,61
HYD-HOSE-12,2026-W20,81,81
HYD-HOSE-12,2026-W21,49,49
HYD-HOSE-12,2026-W22,23,23
HYD-HOSE-12,2026-W23,53,53
HYD-HOSE-12,2026-W24,49,49
HYD-HOSE-12,2026-W25,42,42
HYD-HOSE-12,2026-W26,23,23
HYD-HOSE-12,2026-W27,30,30
HYD-HOSE-12,2026-W28,56,56
HYD-HOSE-12,2026-W29,31,31
HYD-HOSE-12,2026-W30,43,43
HYD-HOSE-12,2026-W31,34,34
HYD-HOSE-12,2026-W32,23,23
HYD-HOSE-12,2026-W33,36,36
HYD-HOSE-12,2026-W34,23,23
HYD-HOSE-12,2026-W35,46,46
HYD-HOSE-12,2026-W36,37,37
HYD-HOSE-12,2026-W37,17,17
HYD-HOSE-12,2026-W38,35,35
HYD-HOSE-12,2026-W39,36,36
HYD-HOSE-12,2026-W40,31,31
HYD-FIT-08,2025-W41,225,225
HYD-FIT-08,2025-W42,342,342
HYD-FIT-08,2025-W43,217,217
HYD-FIT-08,2025-W44,175,175
HYD-FIT-08,2025-W45,212,212
HYD-FIT-08,2025-W46,479,479
HYD-FIT-08,2025-W47,198,198
HYD-FIT-08,2025-W48,252,252
HYD-FIT-08,2025-W49,283,283
HYD-FIT-08,2025-W50,180,180
HYD-FIT-08,2025-W51,435,435
HYD-FIT-08,2025-W52,163,163
HYD-FIT-08,2026-W01,196,196
HYD-FIT-08,2026-W02,195,195
HYD-FIT-08,2026-W03,249,249
HYD-FIT-08,2026-W04,158,158
HYD-FIT-08,2026-W05,229,229
HYD-FIT-08,2026-W06,237,237
HYD-FIT-08,2026-W07,493,493
HYD-FIT-08,2026-W08,284,284
HYD-FIT-08,2026-W09,268,268
HYD-FIT-08,2026-W10,409,409
HYD-FIT-08,2026-W11,200,200
HYD-FIT-08,2026-W12,276,276
HYD-FIT-08,2026-W13,354,354
HYD-FIT-08,2026-W14,204,204
HYD-FIT-08,2026-W15,256,256
HYD-FIT-08,2026-W16,395,395
HYD-FIT-08,2026-W17,270,270
HYD-FIT-08,2026-W18,253,253
HYD-FIT-08,2026-W19,254,254
HYD-FIT-08,2026-W20,157,157
HYD-FIT-08,2026-W21,290,290
HYD-FIT-08,2026-W22,231,231
HYD-FIT-08,2026-W23,237,237
HYD-FIT-08,2026-W24,218,218
HYD-FIT-08,2026-W25,214,214
HYD-FIT-08,2026-W26,398,398
HYD-FIT-08,2026-W27,320,320
HYD-FIT-08,2026-W28,381,381
HYD-FIT-08,2026-W29,259,259
HYD-FIT-08,2026-W30,203,203
HYD-FIT-08,2026-W31,336,336
HYD-FIT-08,2026-W32,256,256
HYD-FIT-08,2026-W33,153,153
HYD-FIT-08,2026-W34,229,229
HYD-FIT-08,2026-W35,291,291
HYD-FIT-08,2026-W36,206,206
HYD-FIT-08,2026-W37,305,305
HYD-FIT-08,2026-W38,267,267
HYD-FIT-08,2026-W39,216,216
HYD-FIT-08,2026-W40,137,137
HYD-PUMP-G2,2025-W41,4,4
HYD-PUMP-G2,2025-W42,3,3
HYD-PUMP-G2,2025-W43,6,6
HYD-PUMP-G2,2025-W44,5,5
HYD-PUMP-G2,2025-W45,5,5
HYD-PUMP-G2,2025-W46,4,4
HYD-PUMP-G2,2025-W47,4,4
HYD-PUMP-G2,2025-W48,3,3
HYD-PUMP-G2,2025-W49,5,5
HYD-PUMP-G2,2025-W50,3,3
HYD-PUMP-G2,2025-W51,1,1
HYD-PUMP-G2,2025-W52,4,4
HYD-PUMP-G2,2026-W01,5,5
HYD-PUMP-G2,2026-W02,2,2
HYD-PUMP-G2,2026-W03,4,4
HYD-PUMP-G2,2026-W04,10,10
HYD-PUMP-G2,2026-W05,5,2
HYD-PUMP-G2,2026-W06,6,6
HYD-PUMP-G2,2026-W07,2,2
HYD-PUMP-G2,2026-W08,5,5
HYD-PUMP-G2,2026-W09,11,11
HYD-PUMP-G2,2026-W10,4,4
HYD-PUMP-G2,2026-W11,3,3
HYD-PUMP-G2,2026-W12,1,1
HYD-PUMP-G2,2026-W13,9,9
HYD-PUMP-G2,2026-W14,2,2
HYD-PUMP-G2,2026-W15,3,3
HYD-PUMP-G2,2026-W16,4,4
HYD-PUMP-G2,2026-W17,4,4
HYD-PUMP-G2,2026-W18,0,0
HYD-PUMP-G2,2026-W19,5,5
HYD-PUMP-G2,2026-W20,5,5
HYD-PUMP-G2,2026-W21,9,9
HYD-PUMP-G2,2026-W22,5,5
HYD-PUMP-G2,2026-W23,5,5
HYD-PUMP-G2,2026-W24,2,2
HYD-PUMP-G2,2026-W25,7,7
HYD-PUMP-G2,2026-W26,3,3
HYD-PUMP-G2,2026-W27,4,4
HYD-PUMP-G2,2026-W28,3,3
HYD-PUMP-G2,2026-W29,3,3
HYD-PUMP-G2,2026-W30,4,4
HYD-PUMP-G2,2026-W31,6,6
HYD-PUMP-G2,2026-W32,4,4
HYD-PUMP-G2,2026-W33,7,7
HYD-PUMP-G2,2026-W34,9,9
HYD-PUMP-G2,2026-W35,2,2
HYD-PUMP-G2,2026-W36,4,4
HYD-PUMP-G2,2026-W37,9,9
HYD-PUMP-G2,2026-W38,3,3
HYD-PUMP-G2,2026-W39,5,5
HYD-PUMP-G2,2026-W40,6,6
ELE-CONT-25,2025-W41,45,45
ELE-CONT-25,2025-W42,21,21
ELE-CONT-25,2025-W43,45,45
ELE-CONT-25,2025-W44,71,71
ELE-CONT-25,2025-W45,63,63
ELE-CONT-25,2025-W46,46,46
ELE-CONT-25,2025-W47,41,41
ELE-CONT-25,2025-W48,58,58
ELE-CONT-25,2025-W49,111,111
ELE-CONT-25,2025-W50,33,17
ELE-CONT-25,2025-W51,21,21
ELE-CONT-25,2025-W52,25,25
ELE-CONT-25,2026-W01,20,20
ELE-CONT-25,2026-W02,29,29
ELE-CONT-25,2026-W03,37,37
ELE-CONT-25,2026-W04,33,33
ELE-CONT-25,2026-W05,62,62
ELE-CONT-25,2026-W06,49,49
ELE-CONT-25,2026-W07,51,51
ELE-CONT-25,2026-W08,35,35
ELE-CONT-25,2026-W09,31,31
ELE-CONT-25,2026-W10,50,50
ELE-CONT-25,2026-W11,60,60
ELE-CONT-25,2026-W12,27,27
ELE-CONT-25,2026-W13,49,49
ELE-CONT-25,2026-W14,63,63
ELE-CONT-25,2026-W15,31,31
ELE-CONT-25,2026-W16,57,57
ELE-CONT-25,2026-W17,58,58
ELE-CONT-25,2026-W18,31,31
ELE-CONT-25,2026-W19,37,37
ELE-CONT-25,2026-W20,48,48
ELE-CONT-25,2026-W21,35,35
ELE-CONT-25,2026-W22,29,29
ELE-CONT-25,2026-W23,37,37
ELE-CONT-25,2026-W24,66,66
ELE-CONT-25,2026-W25,26,26
ELE-CONT-25,2026-W26,44,44
ELE-CONT-25,2026-W27,78,78
ELE-CONT-25,2026-W28,48,41
ELE-CONT-25,2026-W29,25,25
ELE-CONT-25,2026-W30,68,68
ELE-CONT-25,2026-W31,34,34
ELE-CONT-25,2026-W32,57,57
ELE-CONT-25,2026-W33,67,67
ELE-CONT-25,2026-W34,70,70
ELE-CONT-25,2026-W35,35,35
ELE-CONT-25,2026-W36,38,38
ELE-CONT-25,2026-W37,43,43
ELE-CONT-25,2026-W38,28,28
ELE-CONT-25,2026-W39,50,50
ELE-CONT-25,2026-W40,76,76
ELE-PROX-M18,2025-W41,37,37
ELE-PROX-M18,2025-W42,107,107
ELE-PROX-M18,2025-W43,79,79
ELE-PROX-M18,2025-W44,54,54
ELE-PROX-M18,2025-W45,65,65
ELE-PROX-M18,2025-W46,88,88
ELE-PROX-M18,2025-W47,49,49
ELE-PROX-M18,2025-W48,30,30
ELE-PROX-M18,2025-W49,100,100
ELE-PROX-M18,2025-W50,74,74
ELE-PROX-M18,2025-W51,34,34
ELE-PROX-M18,2025-W52,73,73
ELE-PROX-M18,2026-W01,42,42
ELE-PROX-M18,2026-W02,71,71
ELE-PROX-M18,2026-W03,21,21
ELE-PROX-M18,2026-W04,40,40
ELE-PROX-M18,2026-W05,64,64
ELE-PROX-M18,2026-W06,65,65
ELE-PROX-M18,2026-W07,41,41
ELE-PROX-M18,2026-W08,50,50
ELE-PROX-M18,2026-W09,79,79
ELE-PROX-M18,2026-W10,74,74
ELE-PROX-M18,2026-W11,86,86
ELE-PROX-M18,2026-W12,74,74
ELE-PROX-M18,2026-W13,48,48
ELE-PROX-M18,2026-W14,50,50
ELE-PROX-M18,2026-W15,26,26
ELE-PROX-M18,2026-W16,69,24
ELE-PROX-M18,2026-W17,81,81
ELE-PROX-M18,2026-W18,107,59
ELE-PROX-M18,2026-W19,53,0
ELE-PROX-M18,2026-W20,42,0
ELE-PROX-M18,2026-W21,79,79
ELE-PROX-M18,2026-W22,43,43
ELE-PROX-M18,2026-W23,66,66
ELE-PROX-M18,2026-W24,94,94
ELE-PROX-M18,2026-W25,72,72
ELE-PROX-M18,2026-W26,69,66
ELE-PROX-M18,2026-W27,135,0
ELE-PROX-M18,2026-W28,58,58
ELE-PROX-M18,2026-W29,48,48
ELE-PROX-M18,2026-W30,55,34
ELE-PROX-M18,2026-W31,110,110
ELE-PROX-M18,2026-W32,43,30
ELE-PROX-M18,2026-W33,72,0
ELE-PROX-M18,2026-W34,104,104
ELE-PROX-M18,2026-W35,41,36
ELE-PROX-M18,2026-W36,70,0
ELE-PROX-M18,2026-W37,101,0
ELE-PROX-M18,2026-W38,64,64
ELE-PROX-M18,2026-W39,54,54
ELE-PROX-M18,2026-W40,85,85
ELE-RELAY-4,2025-W41,210,210
ELE-RELAY-4,2025-W42,167,167
ELE-RELAY-4,2025-W43,88,88
ELE-RELAY-4,2025-W44,91,91
ELE-RELAY-4,2025-W45,124,124
ELE-RELAY-4,2025-W46,123,123
ELE-RELAY-4,2025-W47,144,144
ELE-RELAY-4,2025-W48,183,183
ELE-RELAY-4,2025-W49,80,80
ELE-RELAY-4,2025-W50,77,77
ELE-RELAY-4,2025-W51,107,107
ELE-RELAY-4,2025-W52,134,134
ELE-RELAY-4,2026-W01,76,76
ELE-RELAY-4,2026-W02,159,159
ELE-RELAY-4,2026-W03,79,79
ELE-RELAY-4,2026-W04,87,87
ELE-RELAY-4,2026-W05,199,199
ELE-RELAY-4,2026-W06,108,108
ELE-RELAY-4,2026-W07,195,195
ELE-RELAY-4,2026-W08,103,103
ELE-RELAY-4,2026-W09,153,46
ELE-RELAY-4,2026-W10,148,148
ELE-RELAY-4,2026-W11,193,193
ELE-RELAY-4,2026-W12,89,89
ELE-RELAY-4,2026-W13,90,90
ELE-RELAY-4,2026-W14,108,108
ELE-RELAY-4,2026-W15,84,84
ELE-RELAY-4,2026-W16,167,167
ELE-RELAY-4,2026-W17,70,70
ELE-RELAY-4,2026-W18,107,107
ELE-RELAY-4,2026-W19,152,152
ELE-RELAY-4,2026-W20,88,88
ELE-RELAY-4,2026-W21,102,102
ELE-RELAY-4,2026-W22,82,82
ELE-RELAY-4,2026-W23,77,77
ELE-RELAY-4,2026-W24,140,140
ELE-RELAY-4,2026-W25,139,139
ELE-RELAY-4,2026-W26,114,114
ELE-RELAY-4,2026-W27,54,54
ELE-RELAY-4,2026-W28,199,199
ELE-RELAY-4,2026-W29,78,78
ELE-RELAY-4,2026-W30,115,115
ELE-RELAY-4,2026-W31,147,147
ELE-RELAY-4,2026-W32,120,120
ELE-RELAY-4,2026-W33,84,84
ELE-RELAY-4,2026-W34,83,83
ELE-RELAY-4,2026-W35,120,120
ELE-RELAY-4,2026-W36,100,100
ELE-RELAY-4,2026-W37,94,94
ELE-RELAY-4,2026-W38,92,92
ELE-RELAY-4,2026-W39,144,144
ELE-RELAY-4,2026-W40,131,131
ELE-PSU-10,2025-W41,6,6
ELE-PSU-10,2025-W42,7,7
ELE-PSU-10,2025-W43,9,9
ELE-PSU-10,2025-W44,11,11
ELE-PSU-10,2025-W45,6,6
ELE-PSU-10,2025-W46,7,7
ELE-PSU-10,2025-W47,3,3
ELE-PSU-10,2025-W48,29,28
ELE-PSU-10,2025-W49,8,0
ELE-PSU-10,2025-W50,7,7
ELE-PSU-10,2025-W51,12,12
ELE-PSU-10,2025-W52,9,9
ELE-PSU-10,2026-W01,7,7
ELE-PSU-10,2026-W02,7,7
ELE-PSU-10,2026-W03,10,10
ELE-PSU-10,2026-W04,9,9
ELE-PSU-10,2026-W05,7,7
ELE-PSU-10,2026-W06,4,4
ELE-PSU-10,2026-W07,15,15
ELE-PSU-10,2026-W08,3,3
ELE-PSU-10,2026-W09,7,7
ELE-PSU-10,2026-W10,5,5
ELE-PSU-10,2026-W11,7,7
ELE-PSU-10,2026-W12,8,8
ELE-PSU-10,2026-W13,8,8
ELE-PSU-10,2026-W14,4,4
ELE-PSU-10,2026-W15,5,5
ELE-PSU-10,2026-W16,24,24
ELE-PSU-10,2026-W17,6,6
ELE-PSU-10,2026-W18,13,13
ELE-PSU-10,2026-W19,18,18
ELE-PSU-10,2026-W20,26,21
ELE-PSU-10,2026-W21,6,6
ELE-PSU-10,2026-W22,4,4
ELE-PSU-10,2026-W23,3,3
ELE-PSU-10,2026-W24,22,22
ELE-PSU-10,2026-W25,18,1
ELE-PSU-10,2026-W26,5,5
ELE-PSU-10,2026-W27,5,5
ELE-PSU-10,2026-W28,0,0
ELE-PSU-10,2026-W29,4,4
ELE-PSU-10,2026-W30,13,13
ELE-PSU-10,2026-W31,11,9
ELE-PSU-10,2026-W32,6,6
ELE-PSU-10,2026-W33,5,5
ELE-PSU-10,2026-W34,9,9
ELE-PSU-10,2026-W35,5,5
ELE-PSU-10,2026-W36,12,12
ELE-PSU-10,2026-W37,31,31
ELE-PSU-10,2026-W38,10,4
ELE-PSU-10,2026-W39,4,4
ELE-PSU-10,2026-W40,6,6
PNEU-CYL-50,2025-W41,14,14
PNEU-CYL-50,2025-W42,13,13
PNEU-CYL-50,2025-W43,21,21
PNEU-CYL-50,2025-W44,19,19
PNEU-CYL-50,2025-W45,36,36
PNEU-CYL-50,2025-W46,25,25
PNEU-CYL-50,2025-W47,24,24
PNEU-CYL-50,2025-W48,18,18
PNEU-CYL-50,2025-W49,25,25
PNEU-CYL-50,2025-W50,15,15
PNEU-CYL-50,2025-W51,22,22
PNEU-CYL-50,2025-W52,26,26
PNEU-CYL-50,2026-W01,40,40
PNEU-CYL-50,2026-W02,8,8
PNEU-CYL-50,2026-W03,37,37
PNEU-CYL-50,2026-W04,13,13
PNEU-CYL-50,2026-W05,10,10
PNEU-CYL-50,2026-W06,24,24
PNEU-CYL-50,2026-W07,11,11
PNEU-CYL-50,2026-W08,8,8
PNEU-CYL-50,2026-W09,18,18
PNEU-CYL-50,2026-W10,26,26
PNEU-CYL-50,2026-W11,8,8
PNEU-CYL-50,2026-W12,14,14
PNEU-CYL-50,2026-W13,29,29
PNEU-CYL-50,2026-W14,14,14
PNEU-CYL-50,2026-W15,8,8
PNEU-CYL-50,2026-W16,9,9
PNEU-CYL-50,2026-W17,28,28
PNEU-CYL-50,2026-W18,10,10
PNEU-CYL-50,2026-W19,15,15
PNEU-CYL-50,2026-W20,17,17
PNEU-CYL-50,2026-W21,14,14
PNEU-CYL-50,2026-W22,23,23
PNEU-CYL-50,2026-W23,24,24
PNEU-CYL-50,2026-W24,12,12
PNEU-CYL-50,2026-W25,17,17
PNEU-CYL-50,2026-W26,20,20
PNEU-CYL-50,2026-W27,11,11
PNEU-CYL-50,2026-W28,9,9
PNEU-CYL-50,2026-W29,28,28
PNEU-CYL-50,2026-W30,11,11
PNEU-CYL-50,2026-W31,23,23
PNEU-CYL-50,2026-W32,15,15
PNEU-CYL-50,2026-W33,9,9
PNEU-CYL-50,2026-W34,20,20
PNEU-CYL-50,2026-W35,15,15
PNEU-CYL-50,2026-W36,9,9
PNEU-CYL-50,2026-W37,13,13
PNEU-CYL-50,2026-W38,10,10
PNEU-CYL-50,2026-W39,10,10
PNEU-CYL-50,2026-W40,25,25
PNEU-VAL-52,2025-W41,26,26
PNEU-VAL-52,2025-W42,22,22
PNEU-VAL-52,2025-W43,21,21
PNEU-VAL-52,2025-W44,53,53
PNEU-VAL-52,2025-W45,35,35
PNEU-VAL-52,2025-W46,21,21
PNEU-VAL-52,2025-W47,25,25
PNEU-VAL-52,2025-W48,31,31
PNEU-VAL-52,2025-W49,18,18
PNEU-VAL-52,2025-W50,50,50
PNEU-VAL-52,2025-W51,16,16
PNEU-VAL-52,2025-W52,27,27
PNEU-VAL-52,2026-W01,15,15
PNEU-VAL-52,2026-W02,37,37
PNEU-VAL-52,2026-W03,13,13
PNEU-VAL-52,2026-W04,16,16
PNEU-VAL-52,2026-W05,25,25
PNEU-VAL-52,2026-W06,36,36
PNEU-VAL-52,2026-W07,19,19
PNEU-VAL-52,2026-W08,28,28
PNEU-VAL-52,2026-W09,23,23
PNEU-VAL-52,2026-W10,12,12
PNEU-VAL-52,2026-W11,21,21
PNEU-VAL-52,2026-W12,15,15
PNEU-VAL-52,2026-W13,18,18
PNEU-VAL-52,2026-W14,31,31
PNEU-VAL-52,2026-W15,21,21
PNEU-VAL-52,2026-W16,27,27
PNEU-VAL-52,2026-W17,26,26
PNEU-VAL-52,2026-W18,18,18
PNEU-VAL-52,2026-W19,26,26
PNEU-VAL-52,2026-W20,30,30
PNEU-VAL-52,2026-W21,29,29
PNEU-VAL-52,2026-W22,26,26
PNEU-VAL-52,2026-W23,23,23
PNEU-VAL-52,2026-W24,22,22
PNEU-VAL-52,2026-W25,36,36
PNEU-VAL-52,2026-W26,20,20
PNEU-VAL-52,2026-W27,31,31
PNEU-VAL-52,2026-W28,12,12
PNEU-VAL-52,2026-W29,18,18
PNEU-VAL-52,2026-W30,8,8
PNEU-VAL-52,2026-W31,13,13
PNEU-VAL-52,2026-W32,30,30
PNEU-VAL-52,2026-W33,24,24
PNEU-VAL-52,2026-W34,16,16
PNEU-VAL-52,2026-W35,20,20
PNEU-VAL-52,2026-W36,28,28
PNEU-VAL-52,2026-W37,22,22
PNEU-VAL-52,2026-W38,18,18
PNEU-VAL-52,2026-W39,32,32
PNEU-VAL-52,2026-W40,18,18
PNEU-FRL-14,2025-W41,13,13
PNEU-FRL-14,2025-W42,7,7
PNEU-FRL-14,2025-W43,9,9
PNEU-FRL-14,2025-W44,13,13
PNEU-FRL-14,2025-W45,8,8
PNEU-FRL-14,2025-W46,7,7
PNEU-FRL-14,2025-W47,23,23
PNEU-FRL-14,2025-W48,13,13
PNEU-FRL-14,2025-W49,13,13
PNEU-FRL-14,2025-W50,17,17
PNEU-FRL-14,2025-W51,20,20
PNEU-FRL-14,2025-W52,7,7
PNEU-FRL-14,2026-W01,9,9
PNEU-FRL-14,2026-W02,8,8
PNEU-FRL-14,2026-W03,13,13
PNEU-FRL-14,2026-W04,17,17
PNEU-FRL-14,2026-W05,34,34
PNEU-FRL-14,2026-W06,16,14
PNEU-FRL-14,2026-W07,6,6
PNEU-FRL-14,2026-W08,8,8
PNEU-FRL-14,2026-W09,9,9
PNEU-FRL-14,2026-W10,11,11
PNEU-FRL-14,2026-W11,2,2
PNEU-FRL-14,2026-W12,19,19
PNEU-FRL-14,2026-W13,6,6
PNEU-FRL-14,2026-W14,8,8
PNEU-FRL-14,2026-W15,6,6
PNEU-FRL-14,2026-W16,7,7
PNEU-FRL-14,2026-W17,7,7
PNEU-FRL-14,2026-W18,13,13
PNEU-FRL-14,2026-W19,12,12
PNEU-FRL-14,2026-W20,8,8
PNEU-FRL-14,2026-W21,7,7
PNEU-FRL-14,2026-W22,8,8
PNEU-FRL-14,2026-W23,8,8
PNEU-FRL-14,2026-W24,8,8
PNEU-FRL-14,2026-W25,19,19
PNEU-FRL-14,2026-W26,8,8
PNEU-FRL-14,2026-W27,11,11
PNEU-FRL-14,2026-W28,6,6
PNEU-FRL-14,2026-W29,12,12
PNEU-FRL-14,2026-W30,14,14
PNEU-FRL-14,2026-W31,15,15
PNEU-FRL-14,2026-W32,7,7
PNEU-FRL-14,2026-W33,6,6
PNEU-FRL-14,2026-W34,7,7
PNEU-FRL-14,2026-W35,10,10
PNEU-FRL-14,2026-W36,5,5
PNEU-FRL-14,2026-W37,7,7
PNEU-FRL-14,2026-W38,9,9
PNEU-FRL-14,2026-W39,9,9
PNEU-FRL-14,2026-W40,12,12
PNEU-FIT-08,2025-W41,623,623
PNEU-FIT-08,2025-W42,256,256
PNEU-FIT-08,2025-W43,332,332
PNEU-FIT-08,2025-W44,386,386
PNEU-FIT-08,2025-W45,425,425
PNEU-FIT-08,2025-W46,476,476
PNEU-FIT-08,2025-W47,309,309
PNEU-FIT-08,2025-W48,321,321
PNEU-FIT-08,2025-W49,403,403
PNEU-FIT-08,2025-W50,318,318
PNEU-FIT-08,2025-W51,296,296
PNEU-FIT-08,2025-W52,495,495
PNEU-FIT-08,2026-W01,542,542
PNEU-FIT-08,2026-W02,308,308
PNEU-FIT-08,2026-W03,373,20
PNEU-FIT-08,2026-W04,445,445
PNEU-FIT-08,2026-W05,371,371
PNEU-FIT-08,2026-W06,468,468
PNEU-FIT-08,2026-W07,171,171
PNEU-FIT-08,2026-W08,284,284
PNEU-FIT-08,2026-W09,199,199
PNEU-FIT-08,2026-W10,319,319
PNEU-FIT-08,2026-W11,365,365
PNEU-FIT-08,2026-W12,277,277
PNEU-FIT-08,2026-W13,246,246
PNEU-FIT-08,2026-W14,228,228
PNEU-FIT-08,2026-W15,162,162
PNEU-FIT-08,2026-W16,279,279
PNEU-FIT-08,2026-W17,257,257
PNEU-FIT-08,2026-W18,164,164
PNEU-FIT-08,2026-W19,211,211
PNEU-FIT-08,2026-W20,149,149
PNEU-FIT-08,2026-W21,252,252
PNEU-FIT-08,2026-W22,254,254
PNEU-FIT-08,2026-W23,250,250
PNEU-FIT-08,2026-W24,256,256
PNEU-FIT-08,2026-W25,240,240
PNEU-FIT-08,2026-W26,257,257
PNEU-FIT-08,2026-W27,394,394
PNEU-FIT-08,2026-W28,286,286
PNEU-FIT-08,2026-W29,296,296
PNEU-FIT-08,2026-W30,173,173
PNEU-FIT-08,2026-W31,155,155
PNEU-FIT-08,2026-W32,318,318
PNEU-FIT-08,2026-W33,190,190
PNEU-FIT-08,2026-W34,309,309
PNEU-FIT-08,2026-W35,167,167
PNEU-FIT-08,2026-W36,371,371
PNEU-FIT-08,2026-W37,194,194
PNEU-FIT-08,2026-W38,283,283
PNEU-FIT-08,2026-W39,203,203
PNEU-FIT-08,2026-W40,250,250
PNEU-TUBE-08,2025-W41,58,58
PNEU-TUBE-08,2025-W42,51,51
PNEU-TUBE-08,2025-W43,53,53
PNEU-TUBE-08,2025-W44,15,15
PNEU-TUBE-08,2025-W45,27,27
PNEU-TUBE-08,2025-W46,36,36
PNEU-TUBE-08,2025-W47,46,46
PNEU-TUBE-08,2025-W48,65,65
PNEU-TUBE-08,2025-W49,52,52
PNEU-TUBE-08,2025-W50,65,65
PNEU-TUBE-08,2025-W51,53,53
PNEU-TUBE-08,2025-W52,52,52
PNEU-TUBE-08,2026-W01,36,7
PNEU-TUBE-08,2026-W02,22,22
PNEU-TUBE-08,2026-W03,33,33
PNEU-TUBE-08,2026-W04,47,47
PNEU-TUBE-08,2026-W05,46,46
PNEU-TUBE-08,2026-W06,29,29
PNEU-TUBE-08,2026-W07,24,24
PNEU-TUBE-08,2026-W08,48,48
PNEU-TUBE-08,2026-W09,26,26
PNEU-TUBE-08,2026-W10,33,33
PNEU-TUBE-08,2026-W11,43,43
PNEU-TUBE-08,2026-W12,21,21
PNEU-TUBE-08,2026-W13,33,33
PNEU-TUBE-08,2026-W14,10,10
PNEU-TUBE-08,2026-W15,29,29
PNEU-TUBE-08,2026-W16,12,12
PNEU-TUBE-08,2026-W17,34,34
PNEU-TUBE-08,2026-W18,28,28
PNEU-TUBE-08,2026-W19,26,26
PNEU-TUBE-08,2026-W20,34,34
PNEU-TUBE-08,2026-W21,45,45
PNEU-TUBE-08,2026-W22,23,23
PNEU-TUBE-08,2026-W23,35,35
PNEU-TUBE-08,2026-W24,28,28
PNEU-TUBE-08,2026-W25,40,40
PNEU-TUBE-08,2026-W26,33,33
PNEU-TUBE-08,2026-W27,41,41
PNEU-TUBE-08,2026-W28,39,39
PNEU-TUBE-08,2026-W29,17,17
PNEU-TUBE-08,2026-W30,34,34
PNEU-TUBE-08,2026-W31,29,29
PNEU-TUBE-08,2026-W32,31,31
PNEU-TUBE-08,2026-W33,18,18
PNEU-TUBE-08,2026-W34,20,20
PNEU-TUBE-08,2026-W35,20,20
PNEU-TUBE-08,2026-W36,19,19
PNEU-TUBE-08,2026-W37,22,22
PNEU-TUBE-08,2026-W38,22,22
PNEU-TUBE-08,2026-W39,34,34
PNEU-TUBE-08,2026-W40,35,35
FAS-M8-25,2025-W41,171,171
FAS-M8-25,2025-W42,179,179
FAS-M8-25,2025-W43,59,59
FAS-M8-25,2025-W44,126,126
FAS-M8-25,2025-W45,131,131
FAS-M8-25,2025-W46,149,149
FAS-M8-25,2025-W47,132,132
FAS-M8-25,2025-W48,145,145
FAS-M8-25,2025-W49,153,153
FAS-M8-25,2025-W50,69,69
FAS-M8-25,2025-W51,176,176
FAS-M8-25,2025-W52,186,186
FAS-M8-25,2026-W01,228,228
FAS-M8-25,2026-W02,77,77
FAS-M8-25,2026-W03,155,155
FAS-M8-25,2026-W04,193,193
FAS-M8-25,2026-W05,119,119
FAS-M8-25,2026-W06,182,182
FAS-M8-25,2026-W07,155,155
FAS-M8-25,2026-W08,96,96
FAS-M8-25,2026-W09,173,173
FAS-M8-25,2026-W10,159,159
FAS-M8-25,2026-W11,150,150
FAS-M8-25,2026-W12,201,201
FAS-M8-25,2026-W13,144,144
FAS-M8-25,2026-W14,182,182
FAS-M8-25,2026-W15,130,130
FAS-M8-25,2026-W16,203,203
FAS-M8-25,2026-W17,95,95
FAS-M8-25,2026-W18,134,134
FAS-M8-25,2026-W19,139,139
FAS-M8-25,2026-W20,134,134
FAS-M8-25,2026-W21,184,184
FAS-M8-25,2026-W22,86,86
FAS-M8-25,2026-W23,110,110
FAS-M8-25,2026-W24,214,214
FAS-M8-25,2026-W25,278,278
FAS-M8-25,2026-W26,119,119
FAS-M8-25,2026-W27,130,130
FAS-M8-25,2026-W28,70,70
FAS-M8-25,2026-W29,140,140
FAS-M8-25,2026-W30,134,134
FAS-M8-25,2026-W31,92,92
FAS-M8-25,2026-W32,118,118
FAS-M8-25,2026-W33,128,128
FAS-M8-25,2026-W34,102,102
FAS-M8-25,2026-W35,188,188
FAS-M8-25,2026-W36,219,219
FAS-M8-25,2026-W37,113,113
FAS-M8-25,2026-W38,141,141
FAS-M8-25,2026-W39,135,135
FAS-M8-25,2026-W40,114,114
FAS-M10-40,2025-W41,163,163
FAS-M10-40,2025-W42,69,69
FAS-M10-40,2025-W43,150,150
FAS-M10-40,2025-W44,54,54
FAS-M10-40,2025-W45,244,182
FAS-M10-40,2025-W46,106,106
FAS-M10-40,2025-W47,104,104
FAS-M10-40,2025-W48,60,60
FAS-M10-40,2025-W49,142,142
FAS-M10-40,2025-W50,90,90
FAS-M10-40,2025-W51,108,108
FAS-M10-40,2025-W52,93,93
FAS-M10-40,2026-W01,125,125
FAS-M10-40,2026-W02,100,100
FAS-M10-40,2026-W03,93,93
FAS-M10-40,2026-W04,219,219
FAS-M10-40,2026-W05,62,62
FAS-M10-40,2026-W06,107,107
FAS-M10-40,2026-W07,43,43
FAS-M10-40,2026-W08,92,92
FAS-M10-40,2026-W09,108,108
FAS-M10-40,2026-W10,175,175
FAS-M10-40,2026-W11,179,179
FAS-M10-40,2026-W12,181,181
FAS-M10-40,2026-W13,117,117
FAS-M10-40,2026-W14,80,80
FAS-M10-40,2026-W15,75,75
FAS-M10-40,2026-W16,59,59
FAS-M10-40,2026-W17,75,75
FAS-M10-40,2026-W18,58,58
FAS-M10-40,2026-W19,92,92
FAS-M10-40,2026-W20,67,67
FAS-M10-40,2026-W21,169,169
FAS-M10-40,2026-W22,94,94
FAS-M10-40,2026-W23,138,138
FAS-M10-40,2026-W24,66,66
FAS-M10-40,2026-W25,55,55
FAS-M10-40,2026-W26,64,64
FAS-M10-40,2026-W27,139,139
FAS-M10-40,2026-W28,74,74
FAS-M10-40,2026-W29,103,103
FAS-M10-40,2026-W30,105,105
FAS-M10-40,2026-W31,106,106
FAS-M10-40,2026-W32,82,67
FAS-M10-40,2026-W33,79,79
FAS-M10-40,2026-W34,51,51
FAS-M10-40,2026-W35,64,64
FAS-M10-40,2026-W36,109,109
FAS-M10-40,2026-W37,52,52
FAS-M10-40,2026-W38,115,115
FAS-M10-40,2026-W39,153,100
FAS-M10-40,2026-W40,119,119
FAS-NUT-M8,2025-W41,131,131
FAS-NUT-M8,2025-W42,94,94
FAS-NUT-M8,2025-W43,89,89
FAS-NUT-M8,2025-W44,97,97
FAS-NUT-M8,2025-W45,97,97
FAS-NUT-M8,2025-W46,105,105
FAS-NUT-M8,2025-W47,103,103
FAS-NUT-M8,2025-W48,190,190
FAS-NUT-M8,2025-W49,75,75
FAS-NUT-M8,2025-W50,107,107
FAS-NUT-M8,2025-W51,79,79
FAS-NUT-M8,2025-W52,90,90
FAS-NUT-M8,2026-W01,82,82
FAS-NUT-M8,2026-W02,188,188
FAS-NUT-M8,2026-W03,67,67
FAS-NUT-M8,2026-W04,184,146
FAS-NUT-M8,2026-W05,98,98
FAS-NUT-M8,2026-W06,171,171
FAS-NUT-M8,2026-W07,78,78
FAS-NUT-M8,2026-W08,74,74
FAS-NUT-M8,2026-W09,114,114
FAS-NUT-M8,2026-W10,135,135
FAS-NUT-M8,2026-W11,109,109
FAS-NUT-M8,2026-W12,88,88
FAS-NUT-M8,2026-W13,126,126
FAS-NUT-M8,2026-W14,153,153
FAS-NUT-M8,2026-W15,93,93
FAS-NUT-M8,2026-W16,111,111
FAS-NUT-M8,2026-W17,155,155
FAS-NUT-M8,2026-W18,99,99
FAS-NUT-M8,2026-W19,154,154
FAS-NUT-M8,2026-W20,129,129
FAS-NUT-M8,2026-W21,112,112
FAS-NUT-M8,2026-W22,99,99
FAS-NUT-M8,2026-W23,125,125
FAS-NUT-M8,2026-W24,92,92
FAS-NUT-M8,2026-W25,130,130
FAS-NUT-M8,2026-W26,94,94
FAS-NUT-M8,2026-W27,165,165
FAS-NUT-M8,2026-W28,98,98
FAS-NUT-M8,2026-W29,110,110
FAS-NUT-M8,2026-W30,206,206
FAS-NUT-M8,2026-W31,109,109
FAS-NUT-M8,2026-W32,99,99
FAS-NUT-M8,2026-W33,159,159
FAS-NUT-M8,2026-W34,135,135
FAS-NUT-M8,2026-W35,79,79
FAS-NUT-M8,2026-W36,120,120
FAS-NUT-M8,2026-W37,98,98
FAS-NUT-M8,2026-W38,119,119
FAS-NUT-M8,2026-W39,159,159
FAS-NUT-M8,2026-W40,177,177
FAS-WSH-M10,2025-W41,49,49
FAS-WSH-M10,2025-W42,47,47
FAS-WSH-M10,2025-W43,43,43
FAS-WSH-M10,2025-W44,33,33
FAS-WSH-M10,2025-W45,70,70
FAS-WSH-M10,2025-W46,62,62
FAS-WSH-M10,2025-W47,46,46
FAS-WSH-M10,2025-W48,84,84
FAS-WSH-M10,2025-W49,84,84
FAS-WSH-M10,2025-W50,111,111
FAS-WSH-M10,2025-W51,119,106
FAS-WSH-M10,2025-W52,80,80
FAS-WSH-M10,2026-W01,51,51
FAS-WSH-M10,2026-W02,52,52
FAS-WSH-M10,2026-W03,59,59
FAS-WSH-M10,2026-W04,85,85
FAS-WSH-M10,2026-W05,132,132
FAS-WSH-M10,2026-W06,65,65
FAS-WSH-M10,2026-W07,68,68
FAS-WSH-M10,2026-W08,80,80
FAS-WSH-M10,2026-W09,27,27
FAS-WSH-M10,2026-W10,34,34
FAS-WSH-M10,2026-W11,131,107
FAS-WSH-M10,2026-W12,53,53
FAS-WSH-M10,2026-W13,68,68
FAS-WSH-M10,2026-W14,69,69
FAS-WSH-M10,2026-W15,52,52
FAS-WSH-M10,2026-W16,70,70
FAS-WSH-M10,2026-W17,79,79
FAS-WSH-M10,2026-W18,88,88
FAS-WSH-M10,2026-W19,91,91
FAS-WSH-M10,2026-W20,75,75
FAS-WSH-M10,2026-W21,29,29
FAS-WSH-M10,2026-W22,86,86
FAS-WSH-M10,2026-W23,76,76
FAS-WSH-M10,2026-W24,66,66
FAS-WSH-M10,2026-W25,103,103
FAS-WSH-M10,2026-W26,39,39
FAS-WSH-M10,2026-W27,47,47
FAS-WSH-M10,2026-W28,80,80
FAS-WSH-M10,2026-W29,56,56
FAS-WSH-M10,2026-W30,75,75
FAS-WSH-M10,2026-W31,62,62
FAS-WSH-M10,2026-W32,56,56
FAS-WSH-M10,2026-W33,138,138
FAS-WSH-M10,2026-W34,60,60
FAS-WSH-M10,2026-W35,61,61
FAS-WSH-M10,2026-W36,89,89
FAS-WSH-M10,2026-W37,60,60
FAS-WSH-M10,2026-W38,43,43
FAS-WSH-M10,2026-W39,74,74
FAS-WSH-M10,2026-W40,26,26
FAS-ANC-12,2025-W41,139,139
FAS-ANC-12,2025-W42,46,46
FAS-ANC-12,2025-W43,46,46
FAS-ANC-12,2025-W44,47,47
FAS-ANC-12,2025-W45,63,63
FAS-ANC-12,2025-W46,182,169
FAS-ANC-12,2025-W47,0,0
FAS-ANC-12,2025-W48,39,39
FAS-ANC-12,2025-W49,45,45
FAS-ANC-12,2025-W50,44,44
FAS-ANC-12,2025-W51,0,0
FAS-ANC-12,2025-W52,158,112
FAS-ANC-12,2026-W01,27,27
FAS-ANC-12,2026-W02,88,88
FAS-ANC-12,2026-W03,22,22
FAS-ANC-12,2026-W04,93,93
FAS-ANC-12,2026-W05,0,0
FAS-ANC-12,2026-W06,100,100
FAS-ANC-12,2026-W07,140,140
FAS-ANC-12,2026-W08,26,26
FAS-ANC-12,2026-W09,96,96
FAS-ANC-12,2026-W10,43,43
FAS-ANC-12,2026-W11,42,42
FAS-ANC-12,2026-W12,80,80
FAS-ANC-12,2026-W13,34,34
FAS-ANC-12,2026-W14,0,0
FAS-ANC-12,2026-W15,226,169
FAS-ANC-12,2026-W16,11,11
FAS-ANC-12,2026-W17,21,21
FAS-ANC-12,2026-W18,60,60
FAS-ANC-12,2026-W19,198,198
FAS-ANC-12,2026-W20,46,46
FAS-ANC-12,2026-W21,0,0
FAS-ANC-12,2026-W22,45,45
FAS-ANC-12,2026-W23,23,23
FAS-ANC-12,2026-W24,94,94
FAS-ANC-12,2026-W25,220,220
FAS-ANC-12,2026-W26,51,51
FAS-ANC-12,2026-W27,104,104
FAS-ANC-12,2026-W28,29,29
FAS-ANC-12,2026-W29,64,64
FAS-ANC-12,2026-W30,86,86
FAS-ANC-12,2026-W31,0,0
FAS-ANC-12,2026-W32,8,8
FAS-ANC-12,2026-W33,20,20
FAS-ANC-12,2026-W34,0,0
FAS-ANC-12,2026-W35,0,0
FAS-ANC-12,2026-W36,0,0
FAS-ANC-12,2026-W37,168,168
FAS-ANC-12,2026-W38,119,119
FAS-ANC-12,2026-W39,67,67
FAS-ANC-12,2026-W40,48,48
SAF-GLV-L,2025-W41,252,252
SAF-GLV-L,2025-W42,312,312
SAF-GLV-L,2025-W43,244,244
SAF-GLV-L,2025-W44,166,166
SAF-GLV-L,2025-W45,192,192
SAF-GLV-L,2025-W46,240,240
SAF-GLV-L,2025-W47,196,196
SAF-GLV-L,2025-W48,191,191
SAF-GLV-L,2025-W49,220,220
SAF-GLV-L,2025-W50,201,201
SAF-GLV-L,2025-W51,163,163
SAF-GLV-L,2025-W52,209,209
SAF-GLV-L,2026-W01,182,182
SAF-GLV-L,2026-W02,230,230
SAF-GLV-L,2026-W03,259,259
SAF-GLV-L,2026-W04,300,300
SAF-GLV-L,2026-W05,184,184
SAF-GLV-L,2026-W06,176,176
SAF-GLV-L,2026-W07,301,301
SAF-GLV-L,2026-W08,231,231
SAF-GLV-L,2026-W09,193,193
SAF-GLV-L,2026-W10,129,129
SAF-GLV-L,2026-W11,270,270
SAF-GLV-L,2026-W12,220,220
SAF-GLV-L,2026-W13,277,277
SAF-GLV-L,2026-W14,204,204
SAF-GLV-L,2026-W15,326,326
SAF-GLV-L,2026-W16,150,150
SAF-GLV-L,2026-W17,260,260
SAF-GLV-L,2026-W18,173,173
SAF-GLV-L,2026-W19,340,340
SAF-GLV-L,2026-W20,216,216
SAF-GLV-L,2026-W21,286,286
SAF-GLV-L,2026-W22,283,283
SAF-GLV-L,2026-W23,187,187
SAF-GLV-L,2026-W24,213,213
SAF-GLV-L,2026-W25,189,189
SAF-GLV-L,2026-W26,176,176
SAF-GLV-L,2026-W27,232,232
SAF-GLV-L,2026-W28,197,197
SAF-GLV-L,2026-W29,188,188
SAF-GLV-L,2026-W30,199,199
SAF-GLV-L,2026-W31,230,230
SAF-GLV-L,2026-W32,190,190
SAF-GLV-L,2026-W33,405,405
SAF-GLV-L,2026-W34,200,200
SAF-GLV-L,2026-W35,263,263
SAF-GLV-L,2026-W36,240,240
SAF-GLV-L,2026-W37,400,400
SAF-GLV-L,2026-W38,163,163
SAF-GLV-L,2026-W39,236,236
SAF-GLV-L,2026-W40,222,222
SAF-GLS-CL,2025-W41,112,112
SAF-GLS-CL,2025-W42,123,123
SAF-GLS-CL,2025-W43,170,170
SAF-GLS-CL,2025-W44,50,50
SAF-GLS-CL,2025-W45,77,77
SAF-GLS-CL,2025-W46,154,154
SAF-GLS-CL,2025-W47,123,123
SAF-GLS-CL,2025-W48,85,85
SAF-GLS-CL,2025-W49,87,87
SAF-GLS-CL,2025-W50,201,201
SAF-GLS-CL,2025-W51,106,106
SAF-GLS-CL,2025-W52,122,122
SAF-GLS-CL,2026-W01,126,126
SAF-GLS-CL,2026-W02,175,175
SAF-GLS-CL,2026-W03,194,194
SAF-GLS-CL,2026-W04,185,185
SAF-GLS-CL,2026-W05,192,192
SAF-GLS-CL,2026-W06,121,121
SAF-GLS-CL,2026-W07,165,165
SAF-GLS-CL,2026-W08,110,110
SAF-GLS-CL,2026-W09,133,133
SAF-GLS-CL,2026-W10,150,150
SAF-GLS-CL,2026-W11,118,118
SAF-GLS-CL,2026-W12,103,103
SAF-GLS-CL,2026-W13,248,248
SAF-GLS-CL,2026-W14,155,155
SAF-GLS-CL,2026-W15,153,153
SAF-GLS-CL,2026-W16,139,139
SAF-GLS-CL,2026-W17,176,176
SAF-GLS-CL,2026-W18,90,90
SAF-GLS-CL,2026-W19,108,108
SAF-GLS-CL,2026-W20,87,87
SAF-GLS-CL,2026-W21,112,112
SAF-GLS-CL,2026-W22,136,136
SAF-GLS-CL,2026-W23,114,114
SAF-GLS-CL,2026-W24,117,117
SAF-GLS-CL,2026-W25,160,160
SAF-GLS-CL,2026-W26,173,173
SAF-GLS-CL,2026-W27,176,176
SAF-GLS-CL,2026-W28,110,110
SAF-GLS-CL,2026-W29,161,161
SAF-GLS-CL,2026-W30,146,146
SAF-GLS-CL,2026-W31,137,137
SAF-GLS-CL,2026-W32,127,127
SAF-GLS-CL,2026-W33,64,64
SAF-GLS-CL,2026-W34,91,91
SAF-GLS-CL,2026-W35,94,94
SAF-GLS-CL,2026-W36,225,225
SAF-GLS-CL,2026-W37,137,137
SAF-GLS-CL,2026-W38,98,98
SAF-GLS-CL,2026-W39,153,153
SAF-GLS-CL,2026-W40,148,148
SAF-EAR-200,2025-W41,21,21
SAF-EAR-200,2025-W42,19,19
SAF-EAR-200,2025-W43,16,16
SAF-EAR-200,2025-W44,21,21
SAF-EAR-200,2025-W45,23,23
SAF-EAR-200,2025-W46,29,29
SAF-EAR-200,2025-W47,35,35
SAF-EAR-200,2025-W48,22,22
SAF-EAR-200,2025-W49,32,32
SAF-EAR-200,2025-W50,29,29
SAF-EAR-200,2025-W51,10,10
SAF-EAR-200,2025-W52,16,16
SAF-EAR-200,2026-W01,28,28
SAF-EAR-200,2026-W02,22,12
SAF-EAR-200,2026-W03,26,26
SAF-EAR-200,2026-W04,27,24
SAF-EAR-200,2026-W05,14,14
SAF-EAR-200,2026-W06,44,44
SAF-EAR-200,2026-W07,24,24
SAF-EAR-200,2026-W08,22,18
SAF-EAR-200,2026-W09,23,23
SAF-EAR-200,2026-W10,16,16
SAF-EAR-200,2026-W11,19,19
SAF-EAR-200,2026-W12,24,24
SAF-EAR-200,2026-W13,45,45
SAF-EAR-200,2026-W14,23,23
SAF-EAR-200,2026-W15,18,18
SAF-EAR-200,2026-W16,22,22
SAF-EAR-200,2026-W17,22,22
SAF-EAR-200,2026-W18,15,15
SAF-EAR-200,2026-W19,17,17
SAF-EAR-200,2026-W20,32,32
SAF-EAR-200,2026-W21,28,28
SAF-EAR-200,2026-W22,21,21
SAF-EAR-200,2026-W23,24,24
SAF-EAR-200,2026-W24,30,30
SAF-EAR-200,2026-W25,32,21
SAF-EAR-200,2026-W26,16,16
SAF-EAR-200,2026-W27,37,37
SAF-EAR-200,2026-W28,17,17
SAF-EAR-200,2026-W29,10,10
SAF-EAR-200,2026-W30,21,21
SAF-EAR-200,2026-W31,21,21
SAF-EAR-200,2026-W32,21,21
SAF-EAR-200,2026-W33,20,20
SAF-EAR-200,2026-W34,15,15
SAF-EAR-200,2026-W35,32,32
SAF-EAR-200,2026-W36,26,26
SAF-EAR-200,2026-W37,14,14
SAF-EAR-200,2026-W38,20,20
SAF-EAR-200,2026-W39,30,30
SAF-EAR-200,2026-W40,16,16
SAF-HARN-1,2025-W41,2,2
SAF-HARN-1,2025-W42,2,2
SAF-HARN-1,2025-W43,4,4
SAF-HARN-1,2025-W44,3,3
SAF-HARN-1,2025-W45,2,2
SAF-HARN-1,2025-W46,5,5
SAF-HARN-1,2025-W47,7,7
SAF-HARN-1,2025-W48,0,0
SAF-HARN-1,2025-W49,3,3
SAF-HARN-1,2025-W50,0,0
SAF-HARN-1,2025-W51,4,4
SAF-HARN-1,2025-W52,0,0
SAF-HARN-1,2026-W01,3,3
SAF-HARN-1,2026-W02,0,0
SAF-HARN-1,2026-W03,1,1
SAF-HARN-1,2026-W04,4,4
SAF-HARN-1,2026-W05,0,0
SAF-HARN-1,2026-W06,0,0
SAF-HARN-1,2026-W07,4,4
SAF-HARN-1,2026-W08,0,0
SAF-HARN-1,2026-W09,8,8
SAF-HARN-1,2026-W10,0,0
SAF-HARN-1,2026-W11,8,7
SAF-HARN-1,2026-W12,4,4
SAF-HARN-1,2026-W13,7,7
SAF-HARN-1,2026-W14,5,5
SAF-HARN-1,2026-W15,0,0
SAF-HARN-1,2026-W16,5,5
SAF-HARN-1,2026-W17,0,0
SAF-HARN-1,2026-W18,4,4
SAF-HARN-1,2026-W19,2,2
SAF-HARN-1,2026-W20,8,8
SAF-HARN-1,2026-W21,0,0
SAF-HARN-1,2026-W22,3,3
SAF-HARN-1,2026-W23,0,0
SAF-HARN-1,2026-W24,0,0
SAF-HARN-1,2026-W25,1,1
SAF-HARN-1,2026-W26,0,0
SAF-HARN-1,2026-W27,0,0
SAF-HARN-1,2026-W28,5,5
SAF-HARN-1,2026-W29,0,0
SAF-HARN-1,2026-W30,0,0
SAF-HARN-1,2026-W31,0,0
SAF-HARN-1,2026-W32,7,7
SAF-HARN-1,2026-W33,0,0
SAF-HARN-1,2026-W34,3,3
SAF-HARN-1,2026-W35,0,0
SAF-HARN-1,2026-W36,7,6
SAF-HARN-1,2026-W37,0,0
SAF-HARN-1,2026-W38,2,2
SAF-HARN-1,2026-W39,1,1
SAF-HARN-1,2026-W40,3,3
BRG-6206,2025-W41,24,24
BRG-6206,2025-W42,36,36
BRG-6206,2025-W43,10,10
BRG-6206,2025-W44,52,52
BRG-6206,2025-W45,58,58
BRG-6206,2025-W46,48,48
BRG-6206,2025-W47,28,28
BRG-6206,2025-W48,63,63
BRG-6206,2025-W49,32,32
BRG-6206,2025-W50,27,27
BRG-6206,2025-W51,60,60
BRG-6206,2025-W52,32,32
BRG-6206,2026-W01,30,30
BRG-6206,2026-W02,11,11
BRG-6206,2026-W03,44,44
BRG-6206,2026-W04,41,41
BRG-6206,2026-W05,35,35
BRG-6206,2026-W06,8,8
BRG-6206,2026-W07,41,41
BRG-6206,2026-W08,46,46
BRG-6206,2026-W09,74,74
BRG-6206,2026-W10,26,23
BRG-6206,2026-W11,0,0
BRG-6206,2026-W12,17,17
BRG-6206,2026-W13,21,21
BRG-6206,2026-W14,28,28
BRG-6206,2026-W15,35,35
BRG-6206,2026-W16,34,34
BRG-6206,2026-W17,53,53
BRG-6206,2026-W18,57,57
BRG-6206,2026-W19,9,9
BRG-6206,2026-W20,42,42
BRG-6206,2026-W21,40,40
BRG-6206,2026-W22,39,39
BRG-6206,2026-W23,40,40
BRG-6206,2026-W24,24,24
BRG-6206,2026-W25,15,15
BRG-6206,2026-W26,22,22
BRG-6206,2026-W27,85,84
BRG-6206,2026-W28,26,26
BRG-6206,2026-W29,48,44
BRG-6206,2026-W30,27,27
BRG-6206,2026-W31,76,76
BRG-6206,2026-W32,24,24
BRG-6206,2026-W33,31,13
BRG-6206,2026-W34,59,59
BRG-6206,2026-W35,35,35
BRG-6206,2026-W36,18,18
BRG-6206,2026-W37,17,17
BRG-6206,2026-W38,44,44
BRG-6206,2026-W39,31,31
BRG-6206,2026-W40,67,67
BRG-NU210,2025-W41,2,2
BRG-NU210,2025-W42,13,12
BRG-NU210,2025-W43,3,0
BRG-NU210,2025-W44,0,0
BRG-NU210,2025-W45,8,8
BRG-NU210,2025-W46,2,2
BRG-NU210,2025-W47,0,0
BRG-NU210,2025-W48,4,4
BRG-NU210,2025-W49,2,2
BRG-NU210,2025-W50,3,3
BRG-NU210,2025-W51,2,2
BRG-NU210,2025-W52,0,0
BRG-NU210,2026-W01,7,7
BRG-NU210,2026-W02,2,2
BRG-NU210,2026-W03,4,4
BRG-NU210,2026-W04,0,0
BRG-NU210,2026-W05,3,3
BRG-NU210,2026-W06,3,3
BRG-NU210,2026-W07,0,0
BRG-NU210,2026-W08,10,10
BRG-NU210,2026-W09,4,4
BRG-NU210,2026-W10,0,0
BRG-NU210,2026-W11,8,8
BRG-NU210,2026-W12,5,5
BRG-NU210,2026-W13,3,3
BRG-NU210,2026-W14,2,2
BRG-NU210,2026-W15,11,11
BRG-NU210,2026-W16,2,1
BRG-NU210,2026-W17,0,0
BRG-NU210,2026-W18,0,0
BRG-NU210,2026-W19,2,2
BRG-NU210,2026-W20,1,1
BRG-NU210,2026-W21,0,0
BRG-NU210,2026-W22,12,9
BRG-NU210,2026-W23,9,0
BRG-NU210,2026-W24,6,6
BRG-NU210,2026-W25,0,0
BRG-NU210,2026-W26,0,0
BRG-NU210,2026-W27,6,6
BRG-NU210,2026-W28,0,0
BRG-NU210,2026-W29,0,0
BRG-NU210,2026-W30,0,0
BRG-NU210,2026-W31,4,4
BRG-NU210,2026-W32,13,8
BRG-NU210,2026-W33,0,0
BRG-NU210,2026-W34,6,6
BRG-NU210,2026-W35,4,4
BRG-NU210,2026-W36,15,14
BRG-NU210,2026-W37,0,0
BRG-NU210,2026-W38,0,0
BRG-NU210,2026-W39,0,0
BRG-NU210,2026-W40,10,10
SEAL-GSK-DN50,2025-W41,46,46
SEAL-GSK-DN50,2025-W42,0,0
SEAL-GSK-DN50,2025-W43,15,15
SEAL-GSK-DN50,2025-W44,22,22
SEAL-GSK-DN50,2025-W45,49,38
SEAL-GSK-DN50,2025-W46,30,30
SEAL-GSK-DN50,2025-W47,93,58
SEAL-GSK-DN50,2025-W48,34,34
SEAL-GSK-DN50,2025-W49,26,10
SEAL-GSK-DN50,2025-W50,7,7
SEAL-GSK-DN50,2025-W51,61,61
SEAL-GSK-DN50,2025-W52,28,20
SEAL-GSK-DN50,2026-W01,0,0
SEAL-GSK-DN50,2026-W02,12,12
SEAL-GSK-DN50,2026-W03,0,0
SEAL-GSK-DN50,2026-W04,0,0
SEAL-GSK-DN50,2026-W05,45,45
SEAL-GSK-DN50,2026-W06,39,31
SEAL-GSK-DN50,2026-W07,52,0
SEAL-GSK-DN50,2026-W08,193,88
SEAL-GSK-DN50,2026-W09,10,0
SEAL-GSK-DN50,2026-W10,18,18
SEAL-GSK-DN50,2026-W11,23,23
SEAL-GSK-DN50,2026-W12,2,2
SEAL-GSK-DN50,2026-W13,28,28
SEAL-GSK-DN50,2026-W14,24,24
SEAL-GSK-DN50,2026-W15,25,25
SEAL-GSK-DN50,2026-W16,14,14
SEAL-GSK-DN50,2026-W17,31,31
SEAL-GSK-DN50,2026-W18,20,20
SEAL-GSK-DN50,2026-W19,8,8
SEAL-GSK-DN50,2026-W20,24,24
SEAL-GSK-DN50,2026-W21,99,47
SEAL-GSK-DN50,2026-W22,8,8
SEAL-GSK-DN50,2026-W23,0,0
SEAL-GSK-DN50,2026-W24,0,0
SEAL-GSK-DN50,2026-W25,0,0
SEAL-GSK-DN50,2026-W26,96,80
SEAL-GSK-DN50,2026-W27,46,44
SEAL-GSK-DN50,2026-W28,20,20
SEAL-GSK-DN50,2026-W29,0,0
SEAL-GSK-DN50,2026-W30,16,16
SEAL-GSK-DN50,2026-W31,0,0
SEAL-GSK-DN50,2026-W32,77,77
SEAL-GSK-DN50,2026-W33,0,0
SEAL-GSK-DN50,2026-W34,22,22
SEAL-GSK-DN50,2026-W35,0,0
SEAL-GSK-DN50,2026-W36,0,0
SEAL-GSK-DN50,2026-W37,23,23
SEAL-GSK-DN50,2026-W38,10,10
SEAL-GSK-DN50,2026-W39,0,0
SEAL-GSK-DN50,2026-W40,60,60
SEAL-PACK-12,2025-W41,0,0
SEAL-PACK-12,2025-W42,0,0
SEAL-PACK-12,2025-W43,0,0
SEAL-PACK-12,2025-W44,3,3
SEAL-PACK-12,2025-W45,2,2
SEAL-PACK-12,2025-W46,0,0
SEAL-PACK-12,2025-W47,10,10
SEAL-PACK-12,2025-W48,7,2
SEAL-PACK-12,2025-W49,11,8
SEAL-PACK-12,2025-W50,0,0
SEAL-PACK-12,2025-W51,0,0
SEAL-PACK-12,2025-W52,2,2
SEAL-PACK-12,2026-W01,0,0
SEAL-PACK-12,2026-W02,0,0
SEAL-PACK-12,2026-W03,0,0
SEAL-PACK-12,2026-W04,2,2
SEAL-PACK-12,2026-W05,1,1
SEAL-PACK-12,2026-W06,0,0
SEAL-PACK-12,2026-W07,21,11
SEAL-PACK-12,2026-W08,2,0
SEAL-PACK-12,2026-W09,0,0
SEAL-PACK-12,2026-W10,0,0
SEAL-PACK-12,2026-W11,0,0
SEAL-PACK-12,2026-W12,2,2
SEAL-PACK-12,2026-W13,0,0
SEAL-PACK-12,2026-W14,2,2
SEAL-PACK-12,2026-W15,0,0
SEAL-PACK-12,2026-W16,0,0
SEAL-PACK-12,2026-W17,0,0
SEAL-PACK-12,2026-W18,0,0
SEAL-PACK-12,2026-W19,3,3
SEAL-PACK-12,2026-W20,0,0
SEAL-PACK-12,2026-W21,0,0
SEAL-PACK-12,2026-W22,0,0
SEAL-PACK-12,2026-W23,0,0
SEAL-PACK-12,2026-W24,0,0
SEAL-PACK-12,2026-W25,3,3
SEAL-PACK-12,2026-W26,6,6
SEAL-PACK-12,2026-W27,1,0
SEAL-PACK-12,2026-W28,0,0
SEAL-PACK-12,2026-W29,0,0
SEAL-PACK-12,2026-W30,0,0
SEAL-PACK-12,2026-W31,0,0
SEAL-PACK-12,2026-W32,0,0
SEAL-PACK-12,2026-W33,0,0
SEAL-PACK-12,2026-W34,0,0
SEAL-PACK-12,2026-W35,0,0
SEAL-PACK-12,2026-W36,3,3
SEAL-PACK-12,2026-W37,0,0
SEAL-PACK-12,2026-W38,0,0
SEAL-PACK-12,2026-W39,4,4
SEAL-PACK-12,2026-W40,0,0
HYD-CYL-63,2025-W41,0,0
HYD-CYL-63,2025-W42,3,3
HYD-CYL-63,2025-W43,0,0
HYD-CYL-63,2025-W44,0,0
HYD-CYL-63,2025-W45,0,0
HYD-CYL-63,2025-W46,0,0
HYD-CYL-63,2025-W47,0,0
HYD-CYL-63,2025-W48,16,12
HYD-CYL-63,2025-W49,0,0
HYD-CYL-63,2025-W50,0,0
HYD-CYL-63,2025-W51,0,0
HYD-CYL-63,2025-W52,2,2
HYD-CYL-63,2026-W01,7,7
HYD-CYL-63,2026-W02,0,0
HYD-CYL-63,2026-W03,15,3
HYD-CYL-63,2026-W04,3,3
HYD-CYL-63,2026-W05,0,0
HYD-CYL-63,2026-W06,0,0
HYD-CYL-63,2026-W07,0,0
HYD-CYL-63,2026-W08,0,0
HYD-CYL-63,2026-W09,0,0
HYD-CYL-63,2026-W10,1,1
HYD-CYL-63,2026-W11,0,0
HYD-CYL-63,2026-W12,0,0
HYD-CYL-63,2026-W13,0,0
HYD-CYL-63,2026-W14,0,0
HYD-CYL-63,2026-W15,0,0
HYD-CYL-63,2026-W16,0,0
HYD-CYL-63,2026-W17,14,14
HYD-CYL-63,2026-W18,0,0
HYD-CYL-63,2026-W19,0,0
HYD-CYL-63,2026-W20,3,3
HYD-CYL-63,2026-W21,0,0
HYD-CYL-63,2026-W22,0,0
HYD-CYL-63,2026-W23,0,0
HYD-CYL-63,2026-W24,2,2
HYD-CYL-63,2026-W25,0,0
HYD-CYL-63,2026-W26,7,7
HYD-CYL-63,2026-W27,0,0
HYD-CYL-63,2026-W28,0,0
HYD-CYL-63,2026-W29,6,6
HYD-CYL-63,2026-W30,0,0
HYD-CYL-63,2026-W31,0,0
HYD-CYL-63,2026-W32,0,0
HYD-CYL-63,2026-W33,5,5
HYD-CYL-63,2026-W34,1,1
HYD-CYL-63,2026-W35,8,6
HYD-CYL-63,2026-W36,4,0
HYD-CYL-63,2026-W37,3,3
HYD-CYL-63,2026-W38,0,0
HYD-CYL-63,2026-W39,0,0
HYD-CYL-63,2026-W40,0,0
HYD-FILT-10,2025-W41,0,0
HYD-FILT-10,2025-W42,24,24
HYD-FILT-10,2025-W43,24,24
HYD-FILT-10,2025-W44,10,10
HYD-FILT-10,2025-W45,7,7
HYD-FILT-10,2025-W46,26,26
HYD-FILT-10,2025-W47,33,33
HYD-FILT-10,2025-W48,18,18
HYD-FILT-10,2025-W49,11,11
HYD-FILT-10,2025-W50,9,9
HYD-FILT-10,2025-W51,23,23
HYD-FILT-10,2025-W52,22,22
HYD-FILT-10,2026-W01,26,26
HYD-FILT-10,2026-W02,14,14
HYD-FILT-10,2026-W03,11,11
HYD-FILT-10,2026-W04,6,6
HYD-FILT-10,2026-W05,24,24
HYD-FILT-10,2026-W06,11,11
HYD-FILT-10,2026-W07,8,8
HYD-FILT-10,2026-W08,20,20
HYD-FILT-10,2026-W09,0,0
HYD-FILT-10,2026-W10,0,0
HYD-FILT-10,2026-W11,14,14
HYD-FILT-10,2026-W12,9,9
HYD-FILT-10,2026-W13,29,29
HYD-FILT-10,2026-W14,31,31
HYD-FILT-10,2026-W15,10,10
HYD-FILT-10,2026-W16,12,12
HYD-FILT-10,2026-W17,17,17
HYD-FILT-10,2026-W18,47,47
HYD-FILT-10,2026-W19,20,20
HYD-FILT-10,2026-W20,20,20
HYD-FILT-10,2026-W21,0,0
HYD-FILT-10,2026-W22,0,0
HYD-FILT-10,2026-W23,23,23
HYD-FILT-10,2026-W24,30,30
HYD-FILT-10,2026-W25,22,22
HYD-FILT-10,2026-W26,6,6
HYD-FILT-10,2026-W27,14,14
HYD-FILT-10,2026-W28,19,19
HYD-FILT-10,2026-W29,7,7
HYD-FILT-10,2026-W30,0,0
HYD-FILT-10,2026-W31,6,6
HYD-FILT-10,2026-W32,34,34
HYD-FILT-10,2026-W33,35,35
HYD-FILT-10,2026-W34,0,0
HYD-FILT-10,2026-W35,0,0
HYD-FILT-10,2026-W36,38,38
HYD-FILT-10,2026-W37,33,33
HYD-FILT-10,2026-W38,48,48
HYD-FILT-10,2026-W39,24,24
HYD-FILT-10,2026-W40,10,10
ELE-VFD-2K2,2025-W41,0,0
ELE-VFD-2K2,2025-W42,0,0
ELE-VFD-2K2,2025-W43,0,0
ELE-VFD-2K2,2025-W44,8,6
ELE-VFD-2K2,2025-W45,0,0
ELE-VFD-2K2,2025-W46,0,0
ELE-VFD-2K2,2025-W47,4,4
ELE-VFD-2K2,2025-W48,14,6
ELE-VFD-2K2,2025-W49,0,0
ELE-VFD-2K2,2025-W50,0,0
ELE-VFD-2K2,2025-W51,3,3
ELE-VFD-2K2,2025-W52,0,0
ELE-VFD-2K2,2026-W01,4,4
ELE-VFD-2K2,2026-W02,0,0
ELE-VFD-2K2,2026-W03,0,0
ELE-VFD-2K2,2026-W04,0,0
ELE-VFD-2K2,2026-W05,3,3
ELE-VFD-2K2,2026-W06,7,5
ELE-VFD-2K2,2026-W07,2,0
ELE-VFD-2K2,2026-W08,0,0
ELE-VFD-2K2,2026-W09,0,0
ELE-VFD-2K2,2026-W10,0,0
ELE-VFD-2K2,2026-W11,0,0
ELE-VFD-2K2,2026-W12,0,0
ELE-VFD-2K2,2026-W13,0,0
ELE-VFD-2K2,2026-W14,1,1
ELE-VFD-2K2,2026-W15,0,0
ELE-VFD-2K2,2026-W16,3,3
ELE-VFD-2K2,2026-W17,0,0
ELE-VFD-2K2,2026-W18,0,0
ELE-VFD-2K2,2026-W19,0,0
ELE-VFD-2K2,2026-W20,0,0
ELE-VFD-2K2,2026-W21,0,0
ELE-VFD-2K2,2026-W22,0,0
ELE-VFD-2K2,2026-W23,0,0
ELE-VFD-2K2,2026-W24,0,0
ELE-VFD-2K2,2026-W25,4,4
ELE-VFD-2K2,2026-W26,0,0
ELE-VFD-2K2,2026-W27,1,1
ELE-VFD-2K2,2026-W28,0,0
ELE-VFD-2K2,2026-W29,0,0
ELE-VFD-2K2,2026-W30,2,2
ELE-VFD-2K2,2026-W31,0,0
ELE-VFD-2K2,2026-W32,0,0
ELE-VFD-2K2,2026-W33,0,0
ELE-VFD-2K2,2026-W34,0,0
ELE-VFD-2K2,2026-W35,0,0
ELE-VFD-2K2,2026-W36,0,0
ELE-VFD-2K2,2026-W37,0,0
ELE-VFD-2K2,2026-W38,0,0
ELE-VFD-2K2,2026-W39,0,0
ELE-VFD-2K2,2026-W40,0,0
ELE-CBL-3G15,2025-W41,7,7
ELE-CBL-3G15,2025-W42,7,7
ELE-CBL-3G15,2025-W43,7,7
ELE-CBL-3G15,2025-W44,5,5
ELE-CBL-3G15,2025-W45,13,13
ELE-CBL-3G15,2025-W46,24,12
ELE-CBL-3G15,2025-W47,7,7
ELE-CBL-3G15,2025-W48,0,0
ELE-CBL-3G15,2025-W49,0,0
ELE-CBL-3G15,2025-W50,0,0
ELE-CBL-3G15,2025-W51,13,13
ELE-CBL-3G15,2025-W52,12,4
ELE-CBL-3G15,2026-W01,0,0
ELE-CBL-3G15,2026-W02,0,0
ELE-CBL-3G15,2026-W03,0,0
ELE-CBL-3G15,2026-W04,10,10
ELE-CBL-3G15,2026-W05,5,5
ELE-CBL-3G15,2026-W06,9,9
ELE-CBL-3G15,2026-W07,12,12
ELE-CBL-3G15,2026-W08,0,0
ELE-CBL-3G15,2026-W09,5,5
ELE-CBL-3G15,2026-W10,6,6
ELE-CBL-3G15,2026-W11,0,0
ELE-CBL-3G15,2026-W12,9,9
ELE-CBL-3G15,2026-W13,30,16
ELE-CBL-3G15,2026-W14,4,0
ELE-CBL-3G15,2026-W15,12,12
ELE-CBL-3G15,2026-W16,4,4
ELE-CBL-3G15,2026-W17,6,6
ELE-CBL-3G15,2026-W18,6,6
ELE-CBL-3G15,2026-W19,0,0
ELE-CBL-3G15,2026-W20,8,8
ELE-CBL-3G15,2026-W21,0,0
ELE-CBL-3G15,2026-W22,0,0
ELE-CBL-3G15,2026-W23,15,15
ELE-CBL-3G15,2026-W24,0,0
ELE-CBL-3G15,2026-W25,11,11
ELE-CBL-3G15,2026-W26,5,5
ELE-CBL-3G15,2026-W27,8,8
ELE-CBL-3G15,2026-W28,5,5
ELE-CBL-3G15,2026-W29,8,8
ELE-CBL-3G15,2026-W30,9,8
ELE-CBL-3G15,2026-W31,6,6
ELE-CBL-3G15,2026-W32,36,18
ELE-CBL-3G15,2026-W33,0,0
ELE-CBL-3G15,2026-W34,0,0
ELE-CBL-3G15,2026-W35,0,0
ELE-CBL-3G15,2026-W36,5,5
ELE-CBL-3G15,2026-W37,0,0
ELE-CBL-3G15,2026-W38,7,7
ELE-CBL-3G15,2026-W39,0,0
ELE-CBL-3G15,2026-W40,0,0
FAS-THR-M12,2025-W41,0,0
FAS-THR-M12,2025-W42,0,0
FAS-THR-M12,2025-W43,0,0
FAS-THR-M12,2025-W44,0,0
FAS-THR-M12,2025-W45,12,12
FAS-THR-M12,2025-W46,0,0
FAS-THR-M12,2025-W47,22,22
FAS-THR-M12,2025-W48,5,5
FAS-THR-M12,2025-W49,5,5
FAS-THR-M12,2025-W50,0,0
FAS-THR-M12,2025-W51,9,9
FAS-THR-M12,2025-W52,18,18
FAS-THR-M12,2026-W01,17,17
FAS-THR-M12,2026-W02,0,0
FAS-THR-M12,2026-W03,13,13
FAS-THR-M12,2026-W04,0,0
FAS-THR-M12,2026-W05,0,0
FAS-THR-M12,2026-W06,3,3
FAS-THR-M12,2026-W07,0,0
FAS-THR-M12,2026-W08,57,57
FAS-THR-M12,2026-W09,5,5
FAS-THR-M12,2026-W10,10,10
FAS-THR-M12,2026-W11,8,8
FAS-THR-M12,2026-W12,19,19
FAS-THR-M12,2026-W13,0,0
FAS-THR-M12,2026-W14,37,37
FAS-THR-M12,2026-W15,0,0
FAS-THR-M12,2026-W16,9,9
FAS-THR-M12,2026-W17,36,36
FAS-THR-M12,2026-W18,18,18
FAS-THR-M12,2026-W19,0,0
FAS-THR-M12,2026-W20,0,0
FAS-THR-M12,2026-W21,0,0
FAS-THR-M12,2026-W22,0,0
FAS-THR-M12,2026-W23,26,26
FAS-THR-M12,2026-W24,13,13
FAS-THR-M12,2026-W25,11,11
FAS-THR-M12,2026-W26,0,0
FAS-THR-M12,2026-W27,0,0
FAS-THR-M12,2026-W28,27,27
FAS-THR-M12,2026-W29,0,0
FAS-THR-M12,2026-W30,0,0
FAS-THR-M12,2026-W31,14,14
FAS-THR-M12,2026-W32,0,0
FAS-THR-M12,2026-W33,0,0
FAS-THR-M12,2026-W34,9,9
FAS-THR-M12,2026-W35,0,0
FAS-THR-M12,2026-W36,41,41
FAS-THR-M12,2026-W37,19,19
FAS-THR-M12,2026-W38,33,33
FAS-THR-M12,2026-W39,0,0
FAS-THR-M12,2026-W40,0,0
FAS-CLIP-20,2025-W41,0,0
FAS-CLIP-20,2025-W42,0,0
FAS-CLIP-20,2025-W43,16,16
FAS-CLIP-20,2025-W44,0,0
FAS-CLIP-20,2025-W45,10,10
FAS-CLIP-20,2025-W46,0,0
FAS-CLIP-20,2025-W47,0,0
FAS-CLIP-20,2025-W48,0,0
FAS-CLIP-20,2025-W49,20,19
FAS-CLIP-20,2025-W50,0,0
FAS-CLIP-20,2025-W51,60,24
FAS-CLIP-20,2025-W52,0,0
FAS-CLIP-20,2026-W01,0,0
FAS-CLIP-20,2026-W02,0,0
FAS-CLIP-20,2026-W03,0,0
FAS-CLIP-20,2026-W04,0,0
FAS-CLIP-20,2026-W05,10,10
FAS-CLIP-20,2026-W06,5,5
FAS-CLIP-20,2026-W07,0,0
FAS-CLIP-20,2026-W08,3,3
FAS-CLIP-20,2026-W09,6,6
FAS-CLIP-20,2026-W10,12,12
FAS-CLIP-20,2026-W11,13,12
FAS-CLIP-20,2026-W12,0,0
FAS-CLIP-20,2026-W13,0,0
FAS-CLIP-20,2026-W14,0,0
FAS-CLIP-20,2026-W15,0,0
FAS-CLIP-20,2026-W16,5,5
FAS-CLIP-20,2026-W17,6,6
FAS-CLIP-20,2026-W18,8,8
FAS-CLIP-20,2026-W19,0,0
FAS-CLIP-20,2026-W20,19,19
FAS-CLIP-20,2026-W21,0,0
FAS-CLIP-20,2026-W22,31,31
FAS-CLIP-20,2026-W23,0,0
FAS-CLIP-20,2026-W24,0,0
FAS-CLIP-20,2026-W25,0,0
FAS-CLIP-20,2026-W26,3,3
FAS-CLIP-20,2026-W27,0,0
FAS-CLIP-20,2026-W28,10,10
FAS-CLIP-20,2026-W29,8,8
FAS-CLIP-20,2026-W30,0,0
FAS-CLIP-20,2026-W31,22,22
FAS-CLIP-20,2026-W32,0,0
FAS-CLIP-20,2026-W33,8,8
FAS-CLIP-20,2026-W34,0,0
FAS-CLIP-20,2026-W35,0,0
FAS-CLIP-20,2026-W36,0,0
FAS-CLIP-20,2026-W37,13,13
FAS-CLIP-20,2026-W38,0,0
FAS-CLIP-20,2026-W39,0,0
FAS-CLIP-20,2026-W40,34,11
FAS-RIV-48,2025-W41,0,0
FAS-RIV-48,2025-W42,0,0
FAS-RIV-48,2025-W43,0,0
FAS-RIV-48,2025-W44,0,0
FAS-RIV-48,2025-W45,1,1
FAS-RIV-48,2025-W46,5,5
FAS-RIV-48,2025-W47,19,8
FAS-RIV-48,2025-W48,12,12
FAS-RIV-48,2025-W49,18,18
FAS-RIV-48,2025-W50,0,0
FAS-RIV-48,2025-W51,0,0
FAS-RIV-48,2025-W52,0,0
FAS-RIV-48,2026-W01,0,0
FAS-RIV-48,2026-W02,35,18
FAS-RIV-48,2026-W03,0,0
FAS-RIV-48,2026-W04,0,0
FAS-RIV-48,2026-W05,0,0
FAS-RIV-48,2026-W06,0,0
FAS-RIV-48,2026-W07,0,0
FAS-RIV-48,2026-W08,0,0
FAS-RIV-48,2026-W09,9,9
FAS-RIV-48,2026-W10,24,7
FAS-RIV-48,2026-W11,6,6
FAS-RIV-48,2026-W12,0,0
FAS-RIV-48,2026-W13,4,4
FAS-RIV-48,2026-W14,0,0
FAS-RIV-48,2026-W15,0,0
FAS-RIV-48,2026-W16,0,0
FAS-RIV-48,2026-W17,10,10
FAS-RIV-48,2026-W18,7,7
FAS-RIV-48,2026-W19,0,0
FAS-RIV-48,2026-W20,0,0
FAS-RIV-48,2026-W21,4,4
FAS-RIV-48,2026-W22,0,0
FAS-RIV-48,2026-W23,0,0
FAS-RIV-48,2026-W24,4,4
FAS-RIV-48,2026-W25,5,5
FAS-RIV-48,2026-W26,13,8
FAS-RIV-48,2026-W27,11,11
FAS-RIV-48,2026-W28,0,0
FAS-RIV-48,2026-W29,24,24
FAS-RIV-48,2026-W30,0,0
FAS-RIV-48,2026-W31,16,13
FAS-RIV-48,2026-W32,0,0
FAS-RIV-48,2026-W33,0,0
FAS-RIV-48,2026-W34,0,0
FAS-RIV-48,2026-W35,0,0
FAS-RIV-48,2026-W36,0,0
FAS-RIV-48,2026-W37,7,7
FAS-RIV-48,2026-W38,0,0
FAS-RIV-48,2026-W39,0,0
FAS-RIV-48,2026-W40,0,0
SAF-SIGN-EX,2025-W41,0,0
SAF-SIGN-EX,2025-W42,0,0
SAF-SIGN-EX,2025-W43,0,0
SAF-SIGN-EX,2025-W44,0,0
SAF-SIGN-EX,2025-W45,1,1
SAF-SIGN-EX,2025-W46,0,0
SAF-SIGN-EX,2025-W47,0,0
SAF-SIGN-EX,2025-W48,0,0
SAF-SIGN-EX,2025-W49,0,0
SAF-SIGN-EX,2025-W50,0,0
SAF-SIGN-EX,2025-W51,2,2
SAF-SIGN-EX,2025-W52,0,0
SAF-SIGN-EX,2026-W01,0,0
SAF-SIGN-EX,2026-W02,6,5
SAF-SIGN-EX,2026-W03,0,0
SAF-SIGN-EX,2026-W04,0,0
SAF-SIGN-EX,2026-W05,0,0
SAF-SIGN-EX,2026-W06,0,0
SAF-SIGN-EX,2026-W07,2,2
SAF-SIGN-EX,2026-W08,0,0
SAF-SIGN-EX,2026-W09,0,0
SAF-SIGN-EX,2026-W10,1,1
SAF-SIGN-EX,2026-W11,0,0
SAF-SIGN-EX,2026-W12,5,5
SAF-SIGN-EX,2026-W13,0,0
SAF-SIGN-EX,2026-W14,0,0
SAF-SIGN-EX,2026-W15,0,0
SAF-SIGN-EX,2026-W16,0,0
SAF-SIGN-EX,2026-W17,0,0
SAF-SIGN-EX,2026-W18,0,0
SAF-SIGN-EX,2026-W19,0,0
SAF-SIGN-EX,2026-W20,0,0
SAF-SIGN-EX,2026-W21,5,4
SAF-SIGN-EX,2026-W22,0,0
SAF-SIGN-EX,2026-W23,8,4
SAF-SIGN-EX,2026-W24,2,2
SAF-SIGN-EX,2026-W25,2,2
SAF-SIGN-EX,2026-W26,0,0
SAF-SIGN-EX,2026-W27,0,0
SAF-SIGN-EX,2026-W28,0,0
SAF-SIGN-EX,2026-W29,0,0
SAF-SIGN-EX,2026-W30,3,3
SAF-SIGN-EX,2026-W31,0,0
SAF-SIGN-EX,2026-W32,7,5
SAF-SIGN-EX,2026-W33,0,0
SAF-SIGN-EX,2026-W34,0,0
SAF-SIGN-EX,2026-W35,0,0
SAF-SIGN-EX,2026-W36,0,0
SAF-SIGN-EX,2026-W37,0,0
SAF-SIGN-EX,2026-W38,0,0
SAF-SIGN-EX,2026-W39,0,0
SAF-SIGN-EX,2026-W40,4,4
PNEU-SIL-14,2025-W41,0,0
PNEU-SIL-14,2025-W42,10,10
PNEU-SIL-14,2025-W43,0,0
PNEU-SIL-14,2025-W44,0,0
PNEU-SIL-14,2025-W45,93,56
PNEU-SIL-14,2025-W46,0,0
PNEU-SIL-14,2025-W47,18,18
PNEU-SIL-14,2025-W48,12,12
PNEU-SIL-14,2025-W49,47,18
PNEU-SIL-14,2025-W50,0,0
PNEU-SIL-14,2025-W51,87,48
PNEU-SIL-14,2025-W52,0,0
PNEU-SIL-14,2026-W01,19,19
PNEU-SIL-14,2026-W02,9,9
PNEU-SIL-14,2026-W03,7,7
PNEU-SIL-14,2026-W04,12,12
PNEU-SIL-14,2026-W05,0,0
PNEU-SIL-14,2026-W06,0,0
PNEU-SIL-14,2026-W07,0,0
PNEU-SIL-14,2026-W08,0,0
PNEU-SIL-14,2026-W09,18,18
PNEU-SIL-14,2026-W10,4,4
PNEU-SIL-14,2026-W11,3,3
PNEU-SIL-14,2026-W12,7,7
PNEU-SIL-14,2026-W13,7,7
PNEU-SIL-14,2026-W14,9,9
PNEU-SIL-14,2026-W15,62,49
PNEU-SIL-14,2026-W16,30,0
PNEU-SIL-14,2026-W17,4,0
PNEU-SIL-14,2026-W18,0,0
PNEU-SIL-14,2026-W19,6,6
PNEU-SIL-14,2026-W20,0,0
PNEU-SIL-14,2026-W21,0,0
PNEU-SIL-14,2026-W22,0,0
PNEU-SIL-14,2026-W23,17,17
PNEU-SIL-14,2026-W24,1,1
PNEU-SIL-14,2026-W25,15,15
PNEU-SIL-14,2026-W26,10,10
PNEU-SIL-14,2026-W27,0,0
PNEU-SIL-14,2026-W28,6,6
PNEU-SIL-14,2026-W29,0,0
PNEU-SIL-14,2026-W30,0,0
PNEU-SIL-14,2026-W31,5,5
PNEU-SIL-14,2026-W32,8,8
PNEU-SIL-14,2026-W33,2,2
PNEU-SIL-14,2026-W34,0,0
PNEU-SIL-14,2026-W35,5,5
PNEU-SIL-14,2026-W36,14,14
PNEU-SIL-14,2026-W37,18,18
PNEU-SIL-14,2026-W38,0,0
PNEU-SIL-14,2026-W39,9,9
PNEU-SIL-14,2026-W40,25,25
PNEU-GAUGE-63,2025-W41,13,13
PNEU-GAUGE-63,2025-W42,0,0
PNEU-GAUGE-63,2025-W43,0,0
PNEU-GAUGE-63,2025-W44,22,22
PNEU-GAUGE-63,2025-W45,0,0
PNEU-GAUGE-63,2025-W46,0,0
PNEU-GAUGE-63,2025-W47,0,0
PNEU-GAUGE-63,2025-W48,13,13
PNEU-GAUGE-63,2025-W49,0,0
PNEU-GAUGE-63,2025-W50,7,7
PNEU-GAUGE-63,2025-W51,0,0
PNEU-GAUGE-63,2025-W52,0,0
PNEU-GAUGE-63,2026-W01,3,3
PNEU-GAUGE-63,2026-W02,4,4
PNEU-GAUGE-63,2026-W03,8,8
PNEU-GAUGE-63,2026-W04,114,18
PNEU-GAUGE-63,2026-W05,6,0
PNEU-GAUGE-63,2026-W06,0,0
PNEU-GAUGE-63,2026-W07,0,0
PNEU-GAUGE-63,2026-W08,0,0
PNEU-GAUGE-63,2026-W09,3,3
PNEU-GAUGE-63,2026-W10,5,5
PNEU-GAUGE-63,2026-W11,0,0
PNEU-GAUGE-63,2026-W12,89,32
PNEU-GAUGE-63,2026-W13,0,0
PNEU-GAUGE-63,2026-W14,0,0
PNEU-GAUGE-63,2026-W15,0,0
PNEU-GAUGE-63,2026-W16,6,6
PNEU-GAUGE-63,2026-W17,10,10
PNEU-GAUGE-63,2026-W18,0,0
PNEU-GAUGE-63,2026-W19,14,14
PNEU-GAUGE-63,2026-W20,11,10
PNEU-GAUGE-63,2026-W21,2,0
PNEU-GAUGE-63,2026-W22,1,0
PNEU-GAUGE-63,2026-W23,3,3
PNEU-GAUGE-63,2026-W24,0,0
PNEU-GAUGE-63,2026-W25,0,0
PNEU-GAUGE-63,2026-W26,13,13
PNEU-GAUGE-63,2026-W27,0,0
PNEU-GAUGE-63,2026-W28,0,0
PNEU-GAUGE-63,2026-W29,0,0
PNEU-GAUGE-63,2026-W30,0,0
PNEU-GAUGE-63,2026-W31,2,2
PNEU-GAUGE-63,2026-W32,12,12
PNEU-GAUGE-63,2026-W33,6,6
PNEU-GAUGE-63,2026-W34,11,4
PNEU-GAUGE-63,2026-W35,0,0
PNEU-GAUGE-63,2026-W36,0,0
PNEU-GAUGE-63,2026-W37,0,0
PNEU-GAUGE-63,2026-W38,0,0
PNEU-GAUGE-63,2026-W39,10,10
PNEU-GAUGE-63,2026-W40,2,2
