sku_id,lead_time_days,order_qty,safety_stock_qty,reorder_point_qty,on_hand_qty,open_po_qty
BRG-6204,14,840,210,1050,550,840
BRG-6305,14,420,105,525,0,840
BRG-UCP208,14,120,30,150,32,120
SEAL-OR-50,14,320,80,400,242,320
SEAL-SH-40,14,280,70,350,0,560
HYD-HOSE-12,21,76,95,209,120,152
HYD-FIT-08,21,520,650,1430,1045,520
HYD-PUMP-G2,21,16,10,22,12,16
ELE-CONT-25,14,90,23,113,39,90
ELE-PROX-M18,14,140,35,175,77,140
ELE-RELAY-4,14,240,60,300,329,0
ELE-PSU-10,14,36,5,23,26,0
PNEU-CYL-50,21,44,11,77,56,44
PNEU-VAL-52,21,60,15,105,87,60
PNEU-FRL-14,21,56,7,49,26,56
PNEU-FIT-08,21,760,190,1330,947,760
PNEU-TUBE-08,21,80,20,140,117,80
FAS-M8-25,7,900,75,225,335,0
FAS-M10-40,7,570,48,143,451,0
FAS-NUT-M8,7,720,60,180,668,0
FAS-WSH-M10,7,420,35,105,129,0
FAS-ANC-12,7,360,30,90,318,0
SAF-GLV-L,7,460,115,345,169,460
SAF-GLS-CL,7,280,70,210,333,0
SAF-EAR-200,7,50,13,38,34,50
SAF-HARN-1,7,12,2,5,6,0
BRG-6206,14,70,18,88,9,140
BRG-NU210,14,12,2,8,2,12
SEAL-GSK-DN50,14,44,11,55,36,44
SEAL-PACK-12,14,8,1,5,9,0
HYD-CYL-63,21,6,4,9,15,0
HYD-FILT-10,21,72,45,99,78,72
ELE-VFD-2K2,14,5,1,4,9,0
ELE-CBL-3G15,14,24,3,15,36,0
FAS-THR-M12,7,168,7,21,57,0
FAS-CLIP-20,7,72,3,9,0,72
FAS-RIV-48,7,48,2,6,41,0
SAF-SIGN-EX,7,4,1,2,0,4
PNEU-SIL-14,21,48,6,42,51,0
PNEU-GAUGE-63,21,20,3,18,8,20
