po_id,supplier_id,sku_id,order_date,promised_date,received_date,qty
PO-00001,SUP-03,BRG-6204,2025-10-14,2025-10-28,2025-10-28,840
PO-00002,SUP-03,BRG-6204,2025-10-28,2025-11-11,2025-11-11,840
PO-00003,SUP-03,BRG-6204,2025-11-18,2025-12-02,2025-12-02,840
PO-00004,SUP-03,BRG-6204,2025-12-02,2025-12-16,2025-12-16,840
PO-00005,SUP-03,BRG-6204,2025-12-16,2025-12-30,2025-12-23,840
PO-00006,SUP-03,BRG-6204,2026-01-06,2026-01-20,2026-01-13,840
PO-00007,SUP-03,BRG-6204,2026-01-27,2026-02-10,2026-02-10,840
PO-00008,SUP-03,BRG-6204,2026-02-03,2026-02-17,2026-02-17,840
PO-00009,SUP-03,BRG-6204,2026-02-17,2026-03-03,2026-03-03,840
PO-00010,SUP-03,BRG-6204,2026-03-03,2026-03-17,2026-03-10,840
PO-00011,SUP-03,BRG-6204,2026-03-17,2026-03-31,2026-04-28,840
PO-00012,SUP-03,BRG-6204,2026-03-31,2026-04-14,2026-05-05,840
PO-00013,SUP-03,BRG-6204,2026-05-05,2026-05-19,2026-06-16,840
PO-00014,SUP-03,BRG-6204,2026-05-19,2026-06-02,2026-06-09,840
PO-00015,SUP-03,BRG-6204,2026-06-16,2026-06-30,2026-07-21,840
PO-00016,SUP-03,BRG-6204,2026-06-30,2026-07-14,2026-07-21,840
PO-00017,SUP-03,BRG-6204,2026-07-28,2026-08-11,2026-09-01,840
PO-00018,SUP-03,BRG-6204,2026-08-04,2026-08-18,2026-09-15,840
PO-00019,SUP-03,BRG-6204,2026-09-01,2026-09-15,2026-09-22,840
PO-00020,SUP-03,BRG-6204,2026-09-29,2026-10-13,,840
PO-00021,SUP-03,BRG-6305,2025-10-14,2025-10-28,2025-11-04,420
PO-00022,SUP-03,BRG-6305,2025-10-21,2025-11-04,2025-11-04,420
PO-00023,SUP-03,BRG-6305,2025-11-11,2025-11-25,2025-11-25,420
PO-00024,SUP-03,BRG-6305,2025-12-02,2025-12-16,2025-12-16,420
PO-00025,SUP-03,BRG-6305,2025-12-16,2025-12-30,2025-12-30,420
PO-00026,SUP-03,BRG-6305,2025-12-30,2026-01-13,2026-01-13,420
PO-00027,SUP-03,BRG-6305,2026-01-20,2026-02-03,2026-02-03,420
PO-00028,SUP-03,BRG-6305,2026-02-03,2026-02-17,2026-02-17,420
PO-00029,SUP-03,BRG-6305,2026-02-17,2026-03-03,2026-03-03,420
PO-00030,SUP-03,BRG-6305,2026-03-03,2026-03-17,2026-03-17,420
PO-00031,SUP-03,BRG-6305,2026-03-03,2026-03-17,2026-03-17,420
PO-00032,SUP-03,BRG-6305,2026-03-24,2026-04-07,2026-05-19,420
PO-00033,SUP-03,BRG-6305,2026-04-07,2026-04-21,2026-05-19,420
PO-00034,SUP-03,BRG-6305,2026-05-26,2026-06-09,2026-06-23,420
PO-00035,SUP-03,BRG-6305,2026-06-09,2026-06-23,2026-07-14,420
PO-00036,SUP-03,BRG-6305,2026-06-23,2026-07-07,2026-08-18,420
PO-00037,SUP-03,BRG-6305,2026-07-28,2026-08-11,2026-08-25,420
PO-00038,SUP-03,BRG-6305,2026-08-25,2026-09-08,,420
PO-00039,SUP-03,BRG-6305,2026-09-08,2026-09-22,,420
PO-00040,SUP-03,BRG-UCP208,2025-10-14,2025-10-28,2025-10-28,120
PO-00041,SUP-03,BRG-UCP208,2025-11-04,2025-11-18,2025-11-25,120
PO-00042,SUP-03,BRG-UCP208,2025-11-11,2025-11-25,2025-11-18,120
PO-00043,SUP-03,BRG-UCP208,2025-11-25,2025-12-09,2025-12-09,120
PO-00044,SUP-03,BRG-UCP208,2025-12-09,2025-12-23,2025-12-23,120
PO-00045,SUP-03,BRG-UCP208,2025-12-16,2025-12-30,2025-12-30,120
PO-00046,SUP-03,BRG-UCP208,2025-12-30,2026-01-13,2026-01-13,120
PO-00047,SUP-03,BRG-UCP208,2026-01-13,2026-01-27,2026-01-27,120
PO-00048,SUP-03,BRG-UCP208,2026-01-20,2026-02-03,2026-02-03,120
PO-00049,SUP-03,BRG-UCP208,2026-02-03,2026-02-17,2026-02-17,120
PO-00050,SUP-03,BRG-UCP208,2026-02-24,2026-03-10,2026-03-10,120
PO-00051,SUP-03,BRG-UCP208,2026-03-03,2026-03-17,2026-03-10,120
PO-00052,SUP-03,BRG-UCP208,2026-03-24,2026-04-07,2026-04-14,120
PO-00053,SUP-03,BRG-UCP208,2026-04-07,2026-04-21,2026-05-05,120
PO-00054,SUP-03,BRG-UCP208,2026-04-21,2026-05-05,2026-05-12,120
PO-00055,SUP-03,BRG-UCP208,2026-05-12,2026-05-26,2026-06-02,120
PO-00056,SUP-03,BRG-UCP208,2026-05-26,2026-06-09,2026-06-30,120
PO-00057,SUP-03,BRG-UCP208,2026-06-16,2026-06-30,2026-07-14,120
PO-00058,SUP-03,BRG-UCP208,2026-07-07,2026-07-21,2026-08-11,120
PO-00059,SUP-03,BRG-UCP208,2026-07-21,2026-08-04,2026-08-25,120
PO-00060,SUP-03,BRG-UCP208,2026-08-18,2026-09-01,2026-09-22,120
PO-00061,SUP-03,BRG-UCP208,2026-09-01,2026-09-15,,120
PO-00062,SUP-01,SEAL-OR-50,2025-10-07,2025-10-21,2025-10-21,320
PO-00063,SUP-01,SEAL-OR-50,2025-10-28,2025-11-11,2025-11-11,320
PO-00064,SUP-01,SEAL-OR-50,2025-11-11,2025-11-25,2025-11-25,320
PO-00065,SUP-01,SEAL-OR-50,2025-11-25,2025-12-09,2025-12-09,320
PO-00066,SUP-01,SEAL-OR-50,2025-12-02,2025-12-16,2025-12-16,320
PO-00067,SUP-01,SEAL-OR-50,2025-12-23,2026-01-06,2026-01-06,320
PO-00068,SUP-01,SEAL-OR-50,2026-01-06,2026-01-20,2026-01-20,320
PO-00069,SUP-01,SEAL-OR-50,2026-01-13,2026-01-27,2026-01-27,320
PO-00070,SUP-01,SEAL-OR-50,2026-02-03,2026-02-17,2026-02-17,320
PO-00071,SUP-01,SEAL-OR-50,2026-02-17,2026-03-03,2026-03-03,320
PO-00072,SUP-01,SEAL-OR-50,2026-03-03,2026-03-17,2026-03-24,320
PO-00073,SUP-01,SEAL-OR-50,2026-03-17,2026-03-31,2026-03-31,320
PO-00074,SUP-01,SEAL-OR-50,2026-03-31,2026-04-14,2026-04-14,320
PO-00075,SUP-01,SEAL-OR-50,2026-04-14,2026-04-28,2026-04-21,320
PO-00076,SUP-01,SEAL-OR-50,2026-05-05,2026-05-19,2026-05-26,320
PO-00077,SUP-01,SEAL-OR-50,2026-05-19,2026-06-02,2026-06-02,320
PO-00078,SUP-01,SEAL-OR-50,2026-06-09,2026-06-23,2026-06-23,320
PO-00079,SUP-01,SEAL-OR-50,2026-06-16,2026-06-30,2026-06-30,320
PO-00080,SUP-01,SEAL-OR-50,2026-07-07,2026-07-21,2026-07-14,320
PO-00081,SUP-01,SEAL-OR-50,2026-07-21,2026-08-04,2026-08-04,320
PO-00082,SUP-01,SEAL-OR-50,2026-07-28,2026-08-11,2026-08-11,320
PO-00083,SUP-01,SEAL-OR-50,2026-08-11,2026-08-25,2026-08-18,320
PO-00084,SUP-01,SEAL-OR-50,2026-08-25,2026-09-08,2026-09-08,320
PO-00085,SUP-01,SEAL-OR-50,2026-09-15,2026-09-29,2026-09-29,320
PO-00086,SUP-01,SEAL-OR-50,2026-09-29,2026-10-13,,320
PO-00087,SUP-03,SEAL-SH-40,2025-10-14,2025-10-28,2025-10-28,280
PO-00088,SUP-03,SEAL-SH-40,2025-10-21,2025-11-04,2025-11-11,280
PO-00089,SUP-03,SEAL-SH-40,2025-11-04,2025-11-18,2025-11-18,280
PO-00090,SUP-03,SEAL-SH-40,2025-12-02,2025-12-16,2025-12-16,280
PO-00091,SUP-03,SEAL-SH-40,2025-12-16,2025-12-30,2025-12-30,280
PO-00092,SUP-03,SEAL-SH-40,2025-12-30,2026-01-13,2026-01-13,280
PO-00093,SUP-03,SEAL-SH-40,2026-01-13,2026-01-27,2026-01-27,280
PO-00094,SUP-03,SEAL-SH-40,2026-01-20,2026-02-03,2026-02-03,280
PO-00095,SUP-03,SEAL-SH-40,2026-02-03,2026-02-17,2026-02-10,280
PO-00096,SUP-03,SEAL-SH-40,2026-02-24,2026-03-10,2026-03-10,280
PO-00097,SUP-03,SEAL-SH-40,2026-03-10,2026-03-24,2026-04-28,280
PO-00098,SUP-03,SEAL-SH-40,2026-03-24,2026-04-07,2026-05-12,280
PO-00099,SUP-03,SEAL-SH-40,2026-05-12,2026-05-26,2026-06-09,280
PO-00100,SUP-03,SEAL-SH-40,2026-06-02,2026-06-16,2026-06-30,280
PO-00101,SUP-03,SEAL-SH-40,2026-06-16,2026-06-30,2026-07-21,280
PO-00102,SUP-03,SEAL-SH-40,2026-07-14,2026-07-28,2026-08-11,280
PO-00103,SUP-03,SEAL-SH-40,2026-07-28,2026-08-11,2026-09-08,280
PO-00104,SUP-03,SEAL-SH-40,2026-08-18,2026-09-01,2026-09-15,280
PO-00105,SUP-03,SEAL-SH-40,2026-09-22,2026-10-06,,280
PO-00106,SUP-03,SEAL-SH-40,2026-09-29,2026-10-13,,280
PO-00107,SUP-02,HYD-HOSE-12,2025-10-14,2025-11-04,2025-11-04,76
PO-00108,SUP-02,HYD-HOSE-12,2025-10-28,2025-11-18,2025-11-11,76
PO-00109,SUP-02,HYD-HOSE-12,2025-11-11,2025-12-02,2025-12-09,76
PO-00110,SUP-02,HYD-HOSE-12,2025-12-02,2025-12-23,2025-12-30,76
PO-00111,SUP-02,HYD-HOSE-12,2025-12-16,2026-01-06,2026-01-13,76
PO-00112,SUP-02,HYD-HOSE-12,2025-12-30,2026-01-20,2026-01-27,76
PO-00113,SUP-02,HYD-HOSE-12,2026-01-13,2026-02-03,2026-02-03,76
PO-00114,SUP-02,HYD-HOSE-12,2026-02-03,2026-02-24,2026-02-17,76
PO-00115,SUP-02,HYD-HOSE-12,2026-02-10,2026-03-03,2026-03-03,76
PO-00116,SUP-02,HYD-HOSE-12,2026-02-24,2026-03-17,2026-03-17,76
PO-00117,SUP-02,HYD-HOSE-12,2026-03-03,2026-03-24,2026-03-24,76
PO-00118,SUP-02,HYD-HOSE-12,2026-03-24,2026-04-14,2026-04-14,76
PO-00119,SUP-02,HYD-HOSE-12,2026-03-24,2026-04-14,2026-04-14,76
PO-00120,SUP-02,HYD-HOSE-12,2026-03-31,2026-04-21,2026-04-21,76
PO-00121,SUP-02,HYD-HOSE-12,2026-04-14,2026-05-05,2026-05-05,76
PO-00122,SUP-02,HYD-HOSE-12,2026-05-05,2026-05-26,2026-05-26,76
PO-00123,SUP-02,HYD-HOSE-12,2026-05-12,2026-06-02,2026-06-02,76
PO-00124,SUP-02,HYD-HOSE-12,2026-05-19,2026-06-09,2026-06-09,76
PO-00125,SUP-02,HYD-HOSE-12,2026-06-02,2026-06-23,2026-06-30,76
PO-00126,SUP-02,HYD-HOSE-12,2026-06-09,2026-06-30,2026-06-30,76
PO-00127,SUP-02,HYD-HOSE-12,2026-06-30,2026-07-21,2026-07-14,76
PO-00128,SUP-02,HYD-HOSE-12,2026-07-07,2026-07-28,2026-08-04,76
PO-00129,SUP-02,HYD-HOSE-12,2026-07-28,2026-08-18,2026-08-18,76
PO-00130,SUP-02,HYD-HOSE-12,2026-08-11,2026-09-01,2026-09-08,76
PO-00131,SUP-02,HYD-HOSE-12,2026-08-25,2026-09-15,2026-09-08,76
PO-00132,SUP-02,HYD-HOSE-12,2026-09-15,2026-10-06,,76
PO-00133,SUP-02,HYD-HOSE-12,2026-09-29,2026-10-20,,76
PO-00134,SUP-02,HYD-FIT-08,2025-10-14,2025-11-04,2025-10-28,520
PO-00135,SUP-02,HYD-FIT-08,2025-10-21,2025-11-11,2025-11-11,520
PO-00136,SUP-02,HYD-FIT-08,2025-11-11,2025-12-02,2025-12-02,520
PO-00137,SUP-02,HYD-FIT-08,2025-11-18,2025-12-09,2025-12-16,520
PO-00138,SUP-02,HYD-FIT-08,2025-12-02,2025-12-23,2025-12-16,520
PO-00139,SUP-02,HYD-FIT-08,2025-12-16,2026-01-06,2026-01-13,520
PO-00140,SUP-02,HYD-FIT-08,2026-01-06,2026-01-27,2026-02-03,520
PO-00141,SUP-02,HYD-FIT-08,2026-01-20,2026-02-10,2026-02-03,520
PO-00142,SUP-02,HYD-FIT-08,2026-02-03,2026-02-24,2026-02-17,520
PO-00143,SUP-02,HYD-FIT-08,2026-02-17,2026-03-10,2026-03-03,520
PO-00144,SUP-02,HYD-FIT-08,2026-02-24,2026-03-17,2026-03-10,520
PO-00145,SUP-02,HYD-FIT-08,2026-03-10,2026-03-31,2026-03-31,520
PO-00146,SUP-02,HYD-FIT-08,2026-03-24,2026-04-14,2026-04-07,520
PO-00147,SUP-02,HYD-FIT-08,2026-03-24,2026-04-14,2026-04-14,520
PO-00148,SUP-02,HYD-FIT-08,2026-04-07,2026-04-28,2026-05-05,520
PO-00149,SUP-02,HYD-FIT-08,2026-04-14,2026-05-05,2026-04-28,520
PO-00150,SUP-02,HYD-FIT-08,2026-04-28,2026-05-19,2026-05-19,520
PO-00151,SUP-02,HYD-FIT-08,2026-05-19,2026-06-09,2026-06-02,520
PO-00152,SUP-02,HYD-FIT-08,2026-06-02,2026-06-23,2026-06-23,520
PO-00153,SUP-02,HYD-FIT-08,2026-06-16,2026-07-07,2026-07-07,520
PO-00154,SUP-02,HYD-FIT-08,2026-06-30,2026-07-21,2026-07-21,520
PO-00155,SUP-02,HYD-FIT-08,2026-07-07,2026-07-28,2026-07-28,520
PO-00156,SUP-02,HYD-FIT-08,2026-07-21,2026-08-11,2026-08-11,520
PO-00157,SUP-02,HYD-FIT-08,2026-08-04,2026-08-25,2026-08-25,520
PO-00158,SUP-02,HYD-FIT-08,2026-08-18,2026-09-08,2026-09-08,520
PO-00159,SUP-02,HYD-FIT-08,2026-09-08,2026-09-29,2026-09-29,520
PO-00160,SUP-02,HYD-FIT-08,2026-09-15,2026-10-06,,520
PO-00161,SUP-02,HYD-PUMP-G2,2025-10-21,2025-11-11,2025-11-04,16
PO-00162,SUP-02,HYD-PUMP-G2,2025-11-11,2025-12-02,2025-11-25,16
PO-00163,SUP-02,HYD-PUMP-G2,2025-12-09,2025-12-30,2025-12-30,16
PO-00164,SUP-02,HYD-PUMP-G2,2026-01-13,2026-02-03,2026-02-03,16
PO-00165,SUP-02,HYD-PUMP-G2,2026-02-03,2026-02-24,2026-02-24,16
PO-00166,SUP-02,HYD-PUMP-G2,2026-02-24,2026-03-17,2026-03-24,16
PO-00167,SUP-02,HYD-PUMP-G2,2026-03-24,2026-04-14,2026-04-14,16
PO-00168,SUP-02,HYD-PUMP-G2,2026-03-31,2026-04-21,2026-04-14,16
PO-00169,SUP-02,HYD-PUMP-G2,2026-05-05,2026-05-26,2026-06-02,16
PO-00170,SUP-02,HYD-PUMP-G2,2026-05-26,2026-06-16,2026-06-23,16
PO-00171,SUP-02,HYD-PUMP-G2,2026-06-16,2026-07-07,2026-07-07,16
PO-00172,SUP-02,HYD-PUMP-G2,2026-07-21,2026-08-11,2026-08-11,16
PO-00173,SUP-02,HYD-PUMP-G2,2026-08-11,2026-09-01,2026-08-25,16
PO-00174,SUP-02,HYD-PUMP-G2,2026-09-01,2026-09-22,2026-09-15,16
PO-00175,SUP-02,HYD-PUMP-G2,2026-09-22,2026-10-13,,16
PO-00176,SUP-04,ELE-CONT-25,2025-10-07,2025-10-21,2025-10-21,90
PO-00177,SUP-04,ELE-CONT-25,2025-10-28,2025-11-11,2025-11-04,90
PO-00178,SUP-04,ELE-CONT-25,2025-11-04,2025-11-18,2025-11-18,90
PO-00179,SUP-04,ELE-CONT-25,2025-11-18,2025-12-02,2025-12-02,90
PO-00180,SUP-04,ELE-CONT-25,2025-12-02,2025-12-16,2025-12-16,90
PO-00181,SUP-04,ELE-CONT-25,2025-12-02,2025-12-16,2025-12-16,90
PO-00182,SUP-04,ELE-CONT-25,2026-01-06,2026-01-20,2026-01-20,90
PO-00183,SUP-04,ELE-CONT-25,2026-01-20,2026-02-03,2026-02-03,90
PO-00184,SUP-04,ELE-CONT-25,2026-02-03,2026-02-17,2026-02-17,90
PO-00185,SUP-04,ELE-CONT-25,2026-02-17,2026-03-03,2026-03-03,90
PO-00186,SUP-04,ELE-CONT-25,2026-03-03,2026-03-17,2026-03-24,90
PO-00187,SUP-04,ELE-CONT-25,2026-03-17,2026-03-31,2026-03-31,90
PO-00188,SUP-04,ELE-CONT-25,2026-03-31,2026-04-14,2026-04-14,90
PO-00189,SUP-04,ELE-CONT-25,2026-04-14,2026-04-28,2026-04-28,90
PO-00190,SUP-04,ELE-CONT-25,2026-04-21,2026-05-05,2026-05-05,90
PO-00191,SUP-04,ELE-CONT-25,2026-05-12,2026-05-26,2026-06-02,90
PO-00192,SUP-04,ELE-CONT-25,2026-05-26,2026-06-09,2026-06-09,90
PO-00193,SUP-04,ELE-CONT-25,2026-06-09,2026-06-23,2026-06-16,90
PO-00194,SUP-04,ELE-CONT-25,2026-06-30,2026-07-14,2026-07-14,90
PO-00195,SUP-04,ELE-CONT-25,2026-07-07,2026-07-21,2026-07-21,90
PO-00196,SUP-04,ELE-CONT-25,2026-07-21,2026-08-04,2026-08-04,90
PO-00197,SUP-04,ELE-CONT-25,2026-08-04,2026-08-18,2026-08-25,90
PO-00198,SUP-04,ELE-CONT-25,2026-08-11,2026-08-25,2026-08-18,90
PO-00199,SUP-04,ELE-CONT-25,2026-08-25,2026-09-08,2026-09-08,90
PO-00200,SUP-04,ELE-CONT-25,2026-09-08,2026-09-22,2026-09-22,90
PO-00201,SUP-04,ELE-CONT-25,2026-09-29,2026-10-13,,90
PO-00202,SUP-03,ELE-PROX-M18,2025-10-14,2025-10-28,2025-10-28,140
PO-00203,SUP-03,ELE-PROX-M18,2025-10-21,2025-11-04,2025-11-04,140
PO-00204,SUP-03,ELE-PROX-M18,2025-11-11,2025-11-25,2025-11-25,140
PO-00205,SUP-03,ELE-PROX-M18,2025-11-25,2025-12-09,2025-12-09,140
PO-00206,SUP-03,ELE-PROX-M18,2025-12-09,2025-12-23,2025-12-23,140
PO-00207,SUP-03,ELE-PROX-M18,2025-12-23,2026-01-06,2025-12-30,140
PO-00208,SUP-03,ELE-PROX-M18,2026-01-13,2026-01-27,2026-01-27,140
PO-00209,SUP-03,ELE-PROX-M18,2026-02-03,2026-02-17,2026-02-17,140
PO-00210,SUP-03,ELE-PROX-M18,2026-02-24,2026-03-10,2026-03-10,140
PO-00211,SUP-03,ELE-PROX-M18,2026-03-03,2026-03-17,2026-03-10,140
PO-00212,SUP-03,ELE-PROX-M18,2026-03-17,2026-03-31,2026-04-21,140
PO-00213,SUP-03,ELE-PROX-M18,2026-04-07,2026-04-21,2026-05-19,140
PO-00214,SUP-03,ELE-PROX-M18,2026-04-28,2026-05-12,2026-05-26,140
PO-00215,SUP-03,ELE-PROX-M18,2026-05-26,2026-06-09,2026-06-09,140
PO-00216,SUP-03,ELE-PROX-M18,2026-06-09,2026-06-23,2026-07-07,140
PO-00217,SUP-03,ELE-PROX-M18,2026-06-23,2026-07-07,2026-07-28,140
PO-00218,SUP-03,ELE-PROX-M18,2026-07-14,2026-07-28,2026-08-18,140
PO-00219,SUP-03,ELE-PROX-M18,2026-07-28,2026-08-11,2026-09-15,140
PO-00220,SUP-03,ELE-PROX-M18,2026-08-25,2026-09-08,2026-09-22,140
PO-00221,SUP-03,ELE-PROX-M18,2026-09-22,2026-10-06,,140
PO-00222,SUP-04,ELE-RELAY-4,2025-10-07,2025-10-21,2025-10-21,240
PO-00223,SUP-04,ELE-RELAY-4,2025-10-14,2025-10-28,2025-10-21,240
PO-00224,SUP-04,ELE-RELAY-4,2025-11-04,2025-11-18,2025-11-18,240
PO-00225,SUP-04,ELE-RELAY-4,2025-11-18,2025-12-02,2025-12-02,240
PO-00226,SUP-04,ELE-RELAY-4,2025-11-25,2025-12-09,2025-12-09,240
PO-00227,SUP-04,ELE-RELAY-4,2025-12-16,2025-12-30,2025-12-30,240
PO-00228,SUP-04,ELE-RELAY-4,2025-12-30,2026-01-13,2026-01-13,240
PO-00229,SUP-04,ELE-RELAY-4,2026-01-13,2026-01-27,2026-01-27,240
PO-00230,SUP-04,ELE-RELAY-4,2026-01-27,2026-02-10,2026-02-10,240
PO-00231,SUP-04,ELE-RELAY-4,2026-02-10,2026-02-24,2026-03-03,240
PO-00232,SUP-04,ELE-RELAY-4,2026-02-17,2026-03-03,2026-03-10,240
PO-00233,SUP-04,ELE-RELAY-4,2026-03-10,2026-03-24,2026-03-24,240
PO-00234,SUP-04,ELE-RELAY-4,2026-03-17,2026-03-31,2026-03-24,240
PO-00235,SUP-04,ELE-RELAY-4,2026-04-07,2026-04-21,2026-04-21,240
PO-00236,SUP-04,ELE-RELAY-4,2026-04-21,2026-05-05,2026-05-05,240
PO-00237,SUP-04,ELE-RELAY-4,2026-05-05,2026-05-19,2026-05-19,240
PO-00238,SUP-04,ELE-RELAY-4,2026-05-19,2026-06-02,2026-06-02,240
PO-00239,SUP-04,ELE-RELAY-4,2026-06-09,2026-06-23,2026-06-23,240
PO-00240,SUP-04,ELE-RELAY-4,2026-06-23,2026-07-07,2026-07-07,240
PO-00241,SUP-04,ELE-RELAY-4,2026-07-07,2026-07-21,2026-07-21,240
PO-00242,SUP-04,ELE-RELAY-4,2026-07-21,2026-08-04,2026-08-04,240
PO-00243,SUP-04,ELE-RELAY-4,2026-08-04,2026-08-18,2026-08-18,240
PO-00244,SUP-04,ELE-RELAY-4,2026-08-18,2026-09-01,2026-09-01,240
PO-00245,SUP-04,ELE-RELAY-4,2026-09-08,2026-09-22,2026-09-22,240
PO-00246,SUP-04,ELE-RELAY-4,2026-09-22,2026-10-06,2026-09-29,240
PO-00247,SUP-04,ELE-PSU-10,2025-10-21,2025-11-04,2025-10-28,36
PO-00248,SUP-04,ELE-PSU-10,2025-11-25,2025-12-09,2025-12-09,36
PO-00249,SUP-04,ELE-PSU-10,2025-12-16,2025-12-30,2025-12-30,36
PO-00250,SUP-04,ELE-PSU-10,2026-01-13,2026-01-27,2026-01-27,36
PO-00251,SUP-04,ELE-PSU-10,2026-02-10,2026-02-24,2026-02-24,36
PO-00252,SUP-04,ELE-PSU-10,2026-03-24,2026-04-07,2026-04-07,36
PO-00253,SUP-04,ELE-PSU-10,2026-04-14,2026-04-28,2026-04-28,36
PO-00254,SUP-04,ELE-PSU-10,2026-05-05,2026-05-19,2026-05-19,36
PO-00255,SUP-04,ELE-PSU-10,2026-06-02,2026-06-16,2026-06-23,36
PO-00256,SUP-04,ELE-PSU-10,2026-07-14,2026-07-28,2026-08-04,36
PO-00257,SUP-04,ELE-PSU-10,2026-08-18,2026-09-01,2026-09-01,36
PO-00258,SUP-04,ELE-PSU-10,2026-09-08,2026-09-22,2026-09-22,36
PO-00259,SUP-06,PNEU-CYL-50,2025-10-14,2025-11-04,2025-11-04,44
PO-00260,SUP-06,PNEU-CYL-50,2025-10-28,2025-11-18,2025-11-18,44
PO-00261,SUP-06,PNEU-CYL-50,2025-11-11,2025-12-02,2025-12-02,44
PO-00262,SUP-06,PNEU-CYL-50,2025-11-25,2025-12-16,2025-12-09,44
PO-00263,SUP-06,PNEU-CYL-50,2025-12-09,2025-12-30,2025-12-30,44
PO-00264,SUP-06,PNEU-CYL-50,2025-12-23,2026-01-13,2026-01-13,44
PO-00265,SUP-06,PNEU-CYL-50,2025-12-30,2026-01-20,2026-01-20,44
PO-00266,SUP-06,PNEU-CYL-50,2026-01-13,2026-02-03,2026-01-27,44
PO-00267,SUP-06,PNEU-CYL-50,2026-02-03,2026-02-24,2026-02-24,44
PO-00268,SUP-06,PNEU-CYL-50,2026-02-24,2026-03-17,2026-03-17,44
PO-00269,SUP-06,PNEU-CYL-50,2026-03-17,2026-04-07,2026-04-07,44
PO-00270,SUP-06,PNEU-CYL-50,2026-03-31,2026-04-21,2026-04-28,44
PO-00271,SUP-06,PNEU-CYL-50,2026-04-21,2026-05-12,2026-05-19,44
PO-00272,SUP-06,PNEU-CYL-50,2026-05-12,2026-06-02,2026-05-26,44
PO-00273,SUP-06,PNEU-CYL-50,2026-05-26,2026-06-16,2026-06-16,44
PO-00274,SUP-06,PNEU-CYL-50,2026-06-16,2026-07-07,2026-07-07,44
PO-00275,SUP-06,PNEU-CYL-50,2026-06-30,2026-07-21,2026-07-21,44
PO-00276,SUP-06,PNEU-CYL-50,2026-07-21,2026-08-11,2026-08-18,44
PO-00277,SUP-06,PNEU-CYL-50,2026-08-11,2026-09-01,2026-09-01,44
PO-00278,SUP-06,PNEU-CYL-50,2026-09-01,2026-09-22,2026-09-22,44
PO-00279,SUP-06,PNEU-CYL-50,2026-09-29,2026-10-20,,44
PO-00280,SUP-06,PNEU-VAL-52,2025-10-14,2025-11-04,2025-11-04,60
PO-00281,SUP-06,PNEU-VAL-52,2025-10-28,2025-11-18,2025-11-18,60
PO-00282,SUP-06,PNEU-VAL-52,2025-11-04,2025-11-25,2025-11-25,60
PO-00283,SUP-06,PNEU-VAL-52,2025-11-25,2025-12-16,2025-12-09,60
PO-00284,SUP-06,PNEU-VAL-52,2025-12-09,2025-12-30,2025-12-23,60
PO-00285,SUP-06,PNEU-VAL-52,2025-12-23,2026-01-13,2026-01-13,60
PO-00286,SUP-06,PNEU-VAL-52,2026-01-06,2026-01-27,2026-02-03,60
PO-00287,SUP-06,PNEU-VAL-52,2026-01-27,2026-02-17,2026-02-17,60
PO-00288,SUP-06,PNEU-VAL-52,2026-02-17,2026-03-10,2026-03-10,60
PO-00289,SUP-06,PNEU-VAL-52,2026-03-10,2026-03-31,2026-03-31,60
PO-00290,SUP-06,PNEU-VAL-52,2026-03-31,2026-04-21,2026-04-21,60
PO-00291,SUP-06,PNEU-VAL-52,2026-04-14,2026-05-05,2026-05-05,60
PO-00292,SUP-06,PNEU-VAL-52,2026-05-05,2026-05-26,2026-05-19,60
PO-00293,SUP-06,PNEU-VAL-52,2026-05-19,2026-06-09,2026-06-09,60
PO-00294,SUP-06,PNEU-VAL-52,2026-06-02,2026-06-23,2026-06-23,60
PO-00295,SUP-06,PNEU-VAL-52,2026-06-16,2026-07-07,2026-07-07,60
PO-00296,SUP-06,PNEU-VAL-52,2026-07-07,2026-07-28,2026-07-28,60
PO-00297,SUP-06,PNEU-VAL-52,2026-08-04,2026-08-25,2026-08-25,60
PO-00298,SUP-06,PNEU-VAL-52,2026-08-18,2026-09-08,2026-09-01,60
PO-00299,SUP-06,PNEU-VAL-52,2026-09-08,2026-09-29,2026-09-22,60
PO-00300,SUP-06,PNEU-VAL-52,2026-09-22,2026-10-13,,60
PO-00301,SUP-06,PNEU-FRL-14,2025-10-21,2025-11-11,2025-11-18,56
PO-00302,SUP-06,PNEU-FRL-14,2025-11-25,2025-12-16,2025-12-16,56
PO-00303,SUP-06,PNEU-FRL-14,2025-12-16,2026-01-06,2026-01-06,56
PO-00304,SUP-06,PNEU-FRL-14,2026-01-20,2026-02-10,2026-02-10,56
PO-00305,SUP-06,PNEU-FRL-14,2026-02-17,2026-03-10,2026-03-03,56
PO-00306,SUP-06,PNEU-FRL-14,2026-03-31,2026-04-21,2026-04-21,56
PO-00307,SUP-06,PNEU-FRL-14,2026-05-12,2026-06-02,2026-06-02,56
PO-00308,SUP-06,PNEU-FRL-14,2026-06-23,2026-07-14,2026-07-14,56
PO-00309,SUP-06,PNEU-FRL-14,2026-07-28,2026-08-18,2026-08-18,56
PO-00310,SUP-06,PNEU-FRL-14,2026-09-15,2026-10-06,,56
PO-00311,SUP-06,PNEU-FIT-08,2025-10-07,2025-10-28,2025-10-28,760
PO-00312,SUP-06,PNEU-FIT-08,2025-10-21,2025-11-11,2025-11-04,760
PO-00313,SUP-06,PNEU-FIT-08,2025-11-04,2025-11-25,2025-11-25,760
PO-00314,SUP-06,PNEU-FIT-08,2025-11-18,2025-12-09,2025-12-02,760
PO-00315,SUP-06,PNEU-FIT-08,2025-12-02,2025-12-23,2025-12-23,760
PO-00316,SUP-06,PNEU-FIT-08,2025-12-23,2026-01-13,2026-01-20,760
PO-00317,SUP-06,PNEU-FIT-08,2025-12-30,2026-01-20,2026-01-20,760
PO-00318,SUP-06,PNEU-FIT-08,2026-01-20,2026-02-10,2026-02-03,760
PO-00319,SUP-06,PNEU-FIT-08,2026-02-03,2026-02-24,2026-03-03,760
PO-00320,SUP-06,PNEU-FIT-08,2026-02-17,2026-03-10,2026-03-10,760
PO-00321,SUP-06,PNEU-FIT-08,2026-03-10,2026-03-31,2026-03-31,760
PO-00322,SUP-06,PNEU-FIT-08,2026-03-31,2026-04-21,2026-04-21,760
PO-00323,SUP-06,PNEU-FIT-08,2026-04-21,2026-05-12,2026-05-19,760
PO-00324,SUP-06,PNEU-FIT-08,2026-05-19,2026-06-09,2026-06-09,760
PO-00325,SUP-06,PNEU-FIT-08,2026-06-09,2026-06-30,2026-06-30,760
PO-00326,SUP-06,PNEU-FIT-08,2026-06-30,2026-07-21,2026-07-21,760
PO-00327,SUP-06,PNEU-FIT-08,2026-07-14,2026-08-04,2026-08-11,760
PO-00328,SUP-06,PNEU-FIT-08,2026-08-11,2026-09-01,2026-08-25,760
PO-00329,SUP-06,PNEU-FIT-08,2026-09-01,2026-09-22,2026-09-29,760
PO-00330,SUP-06,PNEU-FIT-08,2026-09-22,2026-10-13,,760
PO-00331,SUP-06,PNEU-TUBE-08,2025-10-07,2025-10-28,2025-10-21,80
PO-00332,SUP-06,PNEU-TUBE-08,2025-10-21,2025-11-11,2025-11-11,80
PO-00333,SUP-06,PNEU-TUBE-08,2025-11-04,2025-11-25,2025-11-25,80
PO-00334,SUP-06,PNEU-TUBE-08,2025-11-18,2025-12-09,2025-12-09,80
PO-00335,SUP-06,PNEU-TUBE-08,2025-12-02,2025-12-23,2025-12-16,80
PO-00336,SUP-06,PNEU-TUBE-08,2025-12-09,2025-12-30,2026-01-06,80
PO-00337,SUP-06,PNEU-TUBE-08,2025-12-16,2026-01-06,2026-01-06,80
PO-00338,SUP-06,PNEU-TUBE-08,2026-01-06,2026-01-27,2026-01-27,80
PO-00339,SUP-06,PNEU-TUBE-08,2026-01-20,2026-02-10,2026-02-10,80
PO-00340,SUP-06,PNEU-TUBE-08,2026-02-10,2026-03-03,2026-03-03,80
PO-00341,SUP-06,PNEU-TUBE-08,2026-02-24,2026-03-17,2026-03-17,80
PO-00342,SUP-06,PNEU-TUBE-08,2026-03-10,2026-03-31,2026-03-31,80
PO-00343,SUP-06,PNEU-TUBE-08,2026-04-07,2026-04-28,2026-04-28,80
PO-00344,SUP-06,PNEU-TUBE-08,2026-04-28,2026-05-19,2026-05-12,80
PO-00345,SUP-06,PNEU-TUBE-08,2026-05-19,2026-06-09,2026-06-02,80
PO-00346,SUP-06,PNEU-TUBE-08,2026-06-02,2026-06-23,2026-06-30,80
PO-00347,SUP-06,PNEU-TUBE-08,2026-06-16,2026-07-07,2026-07-07,80
PO-00348,SUP-06,PNEU-TUBE-08,2026-06-30,2026-07-21,2026-07-21,80
PO-00349,SUP-06,PNEU-TUBE-08,2026-07-21,2026-08-11,2026-08-18,80
PO-00350,SUP-06,PNEU-TUBE-08,2026-08-11,2026-09-01,2026-09-01,80
PO-00351,SUP-06,PNEU-TUBE-08,2026-09-08,2026-09-29,2026-09-29,80
PO-00352,SUP-06,PNEU-TUBE-08,2026-09-29,2026-10-20,,80
PO-00353,SUP-05,FAS-M8-25,2025-10-07,2025-10-14,2025-10-14,300
PO-00354,SUP-05,FAS-M8-25,2025-10-28,2025-11-04,2025-11-04,300
PO-00355,SUP-05,FAS-M8-25,2025-11-11,2025-11-18,2025-11-18,300
PO-00356,SUP-05,FAS-M8-25,2025-11-25,2025-12-02,2025-12-02,300
PO-00357,SUP-05,FAS-M8-25,2025-12-16,2025-12-23,2025-12-23,300
PO-00358,SUP-05,FAS-M8-25,2025-12-23,2025-12-30,2025-12-30,300
PO-00359,SUP-05,FAS-M8-25,2026-01-06,2026-01-13,2026-01-13,300
PO-00360,SUP-05,FAS-M8-25,2026-01-20,2026-01-27,2026-01-27,300
PO-00361,SUP-05,FAS-M8-25,2026-02-03,2026-02-10,2026-02-10,300
PO-00362,SUP-05,FAS-M8-25,2026-02-17,2026-02-24,2026-02-24,300
PO-00363,SUP-05,FAS-M8-25,2026-03-03,2026-03-10,2026-03-10,900
PO-00364,SUP-05,FAS-M8-25,2026-04-14,2026-04-21,2026-04-21,900
PO-00365,SUP-05,FAS-M8-25,2026-05-26,2026-06-02,2026-06-02,900
PO-00366,SUP-05,FAS-M8-25,2026-07-07,2026-07-14,2026-07-14,900
PO-00367,SUP-05,FAS-M8-25,2026-08-25,2026-09-01,2026-09-01,900
PO-00368,SUP-05,FAS-M10-40,2025-10-07,2025-10-14,2025-10-14,190
PO-00369,SUP-05,FAS-M10-40,2025-10-21,2025-10-28,2025-10-28,190
PO-00370,SUP-05,FAS-M10-40,2025-11-04,2025-11-11,2025-11-11,190
PO-00371,SUP-05,FAS-M10-40,2025-11-11,2025-11-18,2025-11-18,190
PO-00372,SUP-05,FAS-M10-40,2025-11-25,2025-12-02,2025-12-02,190
PO-00373,SUP-05,FAS-M10-40,2025-12-09,2025-12-16,2025-12-16,190
PO-00374,SUP-05,FAS-M10-40,2025-12-23,2025-12-30,2025-12-30,190
PO-00375,SUP-05,FAS-M10-40,2025-12-30,2026-01-06,2026-01-06,190
PO-00376,SUP-05,FAS-M10-40,2026-01-13,2026-01-20,2026-01-20,190
PO-00377,SUP-05,FAS-M10-40,2026-01-20,2026-01-27,2026-01-27,190
PO-00378,SUP-05,FAS-M10-40,2026-02-03,2026-02-10,2026-02-10,190
PO-00379,SUP-05,FAS-M10-40,2026-02-24,2026-03-03,2026-03-03,570
PO-00380,SUP-05,FAS-M10-40,2026-03-17,2026-03-24,2026-03-24,570
PO-00381,SUP-05,FAS-M10-40,2026-05-05,2026-05-12,2026-05-19,570
PO-00382,SUP-05,FAS-M10-40,2026-06-09,2026-06-16,2026-06-16,570
PO-00383,SUP-05,FAS-M10-40,2026-07-28,2026-08-04,2026-08-11,570
PO-00384,SUP-05,FAS-M10-40,2026-09-15,2026-09-22,2026-09-29,570
PO-00385,SUP-05,FAS-NUT-M8,2025-10-07,2025-10-14,2025-10-14,240
PO-00386,SUP-05,FAS-NUT-M8,2025-10-28,2025-11-04,2025-11-04,240
PO-00387,SUP-05,FAS-NUT-M8,2025-11-11,2025-11-18,2025-11-18,240
PO-00388,SUP-05,FAS-NUT-M8,2025-11-25,2025-12-02,2025-12-02,240
PO-00389,SUP-05,FAS-NUT-M8,2025-12-09,2025-12-16,2025-12-16,240
PO-00390,SUP-05,FAS-NUT-M8,2025-12-30,2026-01-06,2026-01-06,240
PO-00391,SUP-05,FAS-NUT-M8,2026-01-13,2026-01-20,2026-01-27,240
PO-00392,SUP-05,FAS-NUT-M8,2026-01-27,2026-02-03,2026-02-03,240
PO-00393,SUP-05,FAS-NUT-M8,2026-02-10,2026-02-17,2026-02-17,240
PO-00394,SUP-05,FAS-NUT-M8,2026-03-03,2026-03-10,2026-03-10,720
PO-00395,SUP-05,FAS-NUT-M8,2026-04-14,2026-04-21,2026-04-21,720
PO-00396,SUP-05,FAS-NUT-M8,2026-05-19,2026-05-26,2026-05-26,720
PO-00397,SUP-05,FAS-NUT-M8,2026-06-30,2026-07-07,2026-07-07,720
PO-00398,SUP-05,FAS-NUT-M8,2026-08-11,2026-08-18,2026-08-18,720
PO-00399,SUP-05,FAS-NUT-M8,2026-09-22,2026-09-29,2026-09-29,720
PO-00400,SUP-05,FAS-WSH-M10,2025-10-14,2025-10-21,2025-10-21,140
PO-00401,SUP-05,FAS-WSH-M10,2025-11-04,2025-11-11,2025-11-11,140
PO-00402,SUP-05,FAS-WSH-M10,2025-11-18,2025-11-25,2025-11-25,140
PO-00403,SUP-05,FAS-WSH-M10,2025-12-02,2025-12-09,2025-12-09,140
PO-00404,SUP-05,FAS-WSH-M10,2025-12-16,2025-12-23,2025-12-23,140
PO-00405,SUP-05,FAS-WSH-M10,2025-12-23,2025-12-30,2025-12-30,140
PO-00406,SUP-05,FAS-WSH-M10,2026-01-06,2026-01-13,2026-01-13,140
PO-00407,SUP-05,FAS-WSH-M10,2026-01-20,2026-01-27,2026-01-27,140
PO-00408,SUP-05,FAS-WSH-M10,2026-01-27,2026-02-03,2026-02-03,140
PO-00409,SUP-05,FAS-WSH-M10,2026-02-17,2026-02-24,2026-03-03,140
PO-00410,SUP-05,FAS-WSH-M10,2026-03-10,2026-03-17,2026-03-17,420
PO-00411,SUP-05,FAS-WSH-M10,2026-04-21,2026-04-28,2026-04-28,420
PO-00412,SUP-05,FAS-WSH-M10,2026-05-26,2026-06-02,2026-06-02,420
PO-00413,SUP-05,FAS-WSH-M10,2026-07-07,2026-07-14,2026-07-14,420
PO-00414,SUP-05,FAS-WSH-M10,2026-08-18,2026-08-25,2026-08-25,420
PO-00415,SUP-05,FAS-ANC-12,2025-10-07,2025-10-14,2025-10-14,120
PO-00416,SUP-05,FAS-ANC-12,2025-10-14,2025-10-21,2025-10-21,120
PO-00417,SUP-05,FAS-ANC-12,2025-11-04,2025-11-11,2025-11-11,120
PO-00418,SUP-05,FAS-ANC-12,2025-11-11,2025-11-18,2025-11-18,120
PO-00419,SUP-05,FAS-ANC-12,2025-11-25,2025-12-02,2025-12-02,120
PO-00420,SUP-05,FAS-ANC-12,2025-12-23,2025-12-30,2025-12-30,120
PO-00421,SUP-05,FAS-ANC-12,2026-01-06,2026-01-13,2026-01-13,120
PO-00422,SUP-05,FAS-ANC-12,2026-01-20,2026-01-27,2026-01-27,120
PO-00423,SUP-05,FAS-ANC-12,2026-02-03,2026-02-10,2026-02-10,120
PO-00424,SUP-05,FAS-ANC-12,2026-02-10,2026-02-17,2026-02-17,120
PO-00425,SUP-05,FAS-ANC-12,2026-02-24,2026-03-03,2026-03-03,360
PO-00426,SUP-05,FAS-ANC-12,2026-04-07,2026-04-14,2026-04-14,360
PO-00427,SUP-05,FAS-ANC-12,2026-05-05,2026-05-12,2026-05-12,360
PO-00428,SUP-05,FAS-ANC-12,2026-06-16,2026-06-23,2026-06-23,360
PO-00429,SUP-05,FAS-ANC-12,2026-07-21,2026-07-28,2026-07-28,360
PO-00430,SUP-05,FAS-ANC-12,2026-09-15,2026-09-22,2026-09-22,360
PO-00431,SUP-07,SAF-GLV-L,2025-10-07,2025-10-14,2025-10-14,460
PO-00432,SUP-07,SAF-GLV-L,2025-10-21,2025-10-28,2025-10-28,460
PO-00433,SUP-07,SAF-GLV-L,2025-11-04,2025-11-11,2025-11-11,460
PO-00434,SUP-07,SAF-GLV-L,2025-11-25,2025-12-02,2025-12-02,460
PO-00435,SUP-07,SAF-GLV-L,2025-12-09,2025-12-16,2025-12-16,460
PO-00436,SUP-07,SAF-GLV-L,2025-12-23,2025-12-30,2025-12-30,460
PO-00437,SUP-07,SAF-GLV-L,2026-01-06,2026-01-13,2026-01-13,460
PO-00438,SUP-07,SAF-GLV-L,2026-01-20,2026-01-27,2026-01-27,460
PO-00439,SUP-07,SAF-GLV-L,2026-02-03,2026-02-10,2026-02-10,460
PO-00440,SUP-07,SAF-GLV-L,2026-02-17,2026-02-24,2026-02-24,460
PO-00441,SUP-07,SAF-GLV-L,2026-03-10,2026-03-17,2026-03-17,460
PO-00442,SUP-07,SAF-GLV-L,2026-03-24,2026-03-31,2026-03-31,460
PO-00443,SUP-07,SAF-GLV-L,2026-04-07,2026-04-14,2026-04-14,460
PO-00444,SUP-07,SAF-GLV-L,2026-04-14,2026-04-21,2026-04-21,460
PO-00445,SUP-07,SAF-GLV-L,2026-05-05,2026-05-12,2026-05-12,460
PO-00446,SUP-07,SAF-GLV-L,2026-05-12,2026-05-19,2026-05-19,460
PO-00447,SUP-07,SAF-GLV-L,2026-05-26,2026-06-02,2026-06-02,460
PO-00448,SUP-07,SAF-GLV-L,2026-06-09,2026-06-16,2026-06-16,460
PO-00449,SUP-07,SAF-GLV-L,2026-06-23,2026-06-30,2026-06-30,460
PO-00450,SUP-07,SAF-GLV-L,2026-07-07,2026-07-14,2026-07-14,460
PO-00451,SUP-07,SAF-GLV-L,2026-07-28,2026-08-04,2026-08-04,460
PO-00452,SUP-07,SAF-GLV-L,2026-08-11,2026-08-18,2026-08-18,460
PO-00453,SUP-07,SAF-GLV-L,2026-08-18,2026-08-25,2026-08-25,460
PO-00454,SUP-07,SAF-GLV-L,2026-09-01,2026-09-08,2026-09-08,460
PO-00455,SUP-07,SAF-GLV-L,2026-09-08,2026-09-15,2026-09-15,460
PO-00456,SUP-07,SAF-GLV-L,2026-09-29,2026-10-06,,460
PO-00457,SUP-07,SAF-GLS-CL,2025-10-14,2025-10-21,2025-10-21,280
PO-00458,SUP-07,SAF-GLS-CL,2025-10-28,2025-11-04,2025-11-04,280
PO-00459,SUP-07,SAF-GLS-CL,2025-11-18,2025-11-25,2025-11-25,280
PO-00460,SUP-07,SAF-GLS-CL,2025-12-02,2025-12-09,2025-12-09,280
PO-00461,SUP-07,SAF-GLS-CL,2025-12-16,2025-12-23,2025-12-23,280
PO-00462,SUP-07,SAF-GLS-CL,2026-01-06,2026-01-13,2026-01-13,280
PO-00463,SUP-07,SAF-GLS-CL,2026-01-13,2026-01-20,2026-01-20,280
PO-00464,SUP-07,SAF-GLS-CL,2026-01-27,2026-02-03,2026-02-03,280
PO-00465,SUP-07,SAF-GLS-CL,2026-02-03,2026-02-10,2026-02-10,280
PO-00466,SUP-07,SAF-GLS-CL,2026-02-17,2026-02-24,2026-02-24,280
PO-00467,SUP-07,SAF-GLS-CL,2026-03-03,2026-03-10,2026-03-10,280
PO-00468,SUP-07,SAF-GLS-CL,2026-03-24,2026-03-31,2026-03-31,280
PO-00469,SUP-07,SAF-GLS-CL,2026-03-31,2026-04-07,2026-04-07,280
PO-00470,SUP-07,SAF-GLS-CL,2026-04-14,2026-04-21,2026-04-21,280
PO-00471,SUP-07,SAF-GLS-CL,2026-04-28,2026-05-05,2026-05-05,280
PO-00472,SUP-07,SAF-GLS-CL,2026-05-19,2026-05-26,2026-05-26,280
PO-00473,SUP-07,SAF-GLS-CL,2026-06-02,2026-06-09,2026-06-09,280
PO-00474,SUP-07,SAF-GLS-CL,2026-06-16,2026-06-23,2026-06-23,280
PO-00475,SUP-07,SAF-GLS-CL,2026-06-30,2026-07-07,2026-07-07,280
PO-00476,SUP-07,SAF-GLS-CL,2026-07-14,2026-07-21,2026-07-21,280
PO-00477,SUP-07,SAF-GLS-CL,2026-07-21,2026-07-28,2026-07-28,280
PO-00478,SUP-07,SAF-GLS-CL,2026-08-11,2026-08-18,2026-08-18,280
PO-00479,SUP-07,SAF-GLS-CL,2026-09-01,2026-09-08,2026-09-08,280
PO-00480,SUP-07,SAF-GLS-CL,2026-09-08,2026-09-15,2026-09-15,280
PO-00481,SUP-07,SAF-GLS-CL,2026-09-22,2026-09-29,2026-09-29,280
PO-00482,SUP-07,SAF-EAR-200,2025-10-14,2025-10-21,2025-10-21,50
PO-00483,SUP-07,SAF-EAR-200,2025-10-28,2025-11-04,2025-11-04,50
PO-00484,SUP-07,SAF-EAR-200,2025-11-11,2025-11-18,2025-11-18,50
PO-00485,SUP-07,SAF-EAR-200,2025-11-25,2025-12-02,2025-12-02,50
PO-00486,SUP-07,SAF-EAR-200,2025-12-09,2025-12-16,2025-12-16,50
PO-00487,SUP-07,SAF-EAR-200,2025-12-30,2026-01-06,2026-01-13,50
PO-00488,SUP-07,SAF-EAR-200,2026-01-13,2026-01-20,2026-01-27,50
PO-00489,SUP-07,SAF-EAR-200,2026-01-27,2026-02-03,2026-02-03,50
PO-00490,SUP-07,SAF-EAR-200,2026-02-10,2026-02-17,2026-02-24,50
PO-00491,SUP-07,SAF-EAR-200,2026-02-24,2026-03-03,2026-03-03,50
PO-00492,SUP-07,SAF-EAR-200,2026-03-17,2026-03-24,2026-03-24,50
PO-00493,SUP-07,SAF-EAR-200,2026-03-24,2026-03-31,2026-03-31,50
PO-00494,SUP-07,SAF-EAR-200,2026-04-07,2026-04-14,2026-04-14,50
PO-00495,SUP-07,SAF-EAR-200,2026-04-21,2026-04-28,2026-04-28,50
PO-00496,SUP-07,SAF-EAR-200,2026-05-12,2026-05-19,2026-05-19,50
PO-00497,SUP-07,SAF-EAR-200,2026-05-26,2026-06-02,2026-06-02,50
PO-00498,SUP-07,SAF-EAR-200,2026-06-09,2026-06-16,2026-06-23,50
PO-00499,SUP-07,SAF-EAR-200,2026-06-23,2026-06-30,2026-06-30,50
PO-00500,SUP-07,SAF-EAR-200,2026-07-07,2026-07-14,2026-07-14,50
PO-00501,SUP-07,SAF-EAR-200,2026-07-28,2026-08-04,2026-08-04,50
PO-00502,SUP-07,SAF-EAR-200,2026-08-11,2026-08-18,2026-08-18,50
PO-00503,SUP-07,SAF-EAR-200,2026-09-01,2026-09-08,2026-09-08,50
PO-00504,SUP-07,SAF-EAR-200,2026-09-15,2026-09-22,2026-09-22,50
PO-00505,SUP-07,SAF-EAR-200,2026-09-29,2026-10-06,,50
PO-00506,SUP-07,SAF-HARN-1,2025-10-21,2025-10-28,2025-10-28,12
PO-00507,SUP-07,SAF-HARN-1,2025-11-11,2025-11-18,2025-11-18,12
PO-00508,SUP-07,SAF-HARN-1,2025-12-16,2025-12-23,2025-12-30,12
PO-00509,SUP-07,SAF-HARN-1,2026-02-10,2026-02-17,2026-02-24,12
PO-00510,SUP-07,SAF-HARN-1,2026-03-10,2026-03-17,2026-03-17,12
PO-00511,SUP-07,SAF-HARN-1,2026-03-24,2026-03-31,2026-03-31,12
PO-00512,SUP-07,SAF-HARN-1,2026-04-14,2026-04-21,2026-04-21,12
PO-00513,SUP-07,SAF-HARN-1,2026-05-12,2026-05-19,2026-05-19,12
PO-00514,SUP-07,SAF-HARN-1,2026-07-07,2026-07-14,2026-07-14,12
PO-00515,SUP-07,SAF-HARN-1,2026-09-01,2026-09-08,2026-09-08,12
PO-00516,SUP-01,BRG-6206,2025-10-14,2025-10-28,2025-10-28,70
PO-00517,SUP-01,BRG-6206,2025-10-28,2025-11-11,2025-11-11,70
PO-00518,SUP-01,BRG-6206,2025-11-04,2025-11-18,2025-11-25,70
PO-00519,SUP-01,BRG-6206,2025-11-18,2025-12-02,2025-12-02,70
PO-00520,SUP-01,BRG-6206,2025-11-25,2025-12-09,2025-12-09,70
PO-00521,SUP-01,BRG-6206,2025-12-16,2025-12-30,2025-12-30,70
PO-00522,SUP-01,BRG-6206,2025-12-23,2026-01-06,2026-01-06,70
PO-00523,SUP-01,BRG-6206,2026-01-13,2026-01-27,2026-01-27,70
PO-00524,SUP-01,BRG-6206,2026-01-20,2026-02-03,2026-02-03,70
PO-00525,SUP-01,BRG-6206,2026-02-10,2026-02-24,2026-02-24,70
PO-00526,SUP-01,BRG-6206,2026-02-24,2026-03-10,2026-03-10,70
PO-00527,SUP-01,BRG-6206,2026-03-03,2026-03-17,2026-03-17,70
PO-00528,SUP-01,BRG-6206,2026-03-31,2026-04-14,2026-04-14,70
PO-00529,SUP-01,BRG-6206,2026-04-14,2026-04-28,2026-04-28,70
PO-00530,SUP-01,BRG-6206,2026-04-28,2026-05-12,2026-05-12,70
PO-00531,SUP-01,BRG-6206,2026-05-12,2026-05-26,2026-05-19,70
PO-00532,SUP-01,BRG-6206,2026-05-19,2026-06-02,2026-06-02,70
PO-00533,SUP-01,BRG-6206,2026-06-02,2026-06-16,2026-06-16,70
PO-00534,SUP-01,BRG-6206,2026-06-23,2026-07-07,2026-07-07,70
PO-00535,SUP-01,BRG-6206,2026-06-30,2026-07-14,2026-07-21,70
PO-00536,SUP-01,BRG-6206,2026-07-14,2026-07-28,2026-07-28,70
PO-00537,SUP-01,BRG-6206,2026-07-28,2026-08-11,2026-08-18,70
PO-00538,SUP-01,BRG-6206,2026-08-04,2026-08-18,2026-08-18,70
PO-00539,SUP-01,BRG-6206,2026-08-18,2026-09-01,2026-09-01,70
PO-00540,SUP-01,BRG-6206,2026-09-08,2026-09-22,2026-09-22,70
PO-00541,SUP-01,BRG-6206,2026-09-22,2026-10-06,,70
PO-00542,SUP-01,BRG-6206,2026-09-29,2026-10-13,,70
PO-00543,SUP-01,BRG-NU210,2025-10-14,2025-10-28,2025-10-28,12
PO-00544,SUP-01,BRG-NU210,2025-11-04,2025-11-18,2025-11-18,12
PO-00545,SUP-01,BRG-NU210,2025-12-02,2025-12-16,2025-12-16,12
PO-00546,SUP-01,BRG-NU210,2025-12-30,2026-01-13,2026-01-06,12
PO-00547,SUP-01,BRG-NU210,2026-02-03,2026-02-17,2026-02-17,12
PO-00548,SUP-01,BRG-NU210,2026-02-24,2026-03-10,2026-03-10,12
PO-00549,SUP-01,BRG-NU210,2026-03-17,2026-03-31,2026-03-31,12
PO-00550,SUP-01,BRG-NU210,2026-04-07,2026-04-21,2026-04-21,12
PO-00551,SUP-01,BRG-NU210,2026-05-26,2026-06-09,2026-06-09,12
PO-00552,SUP-01,BRG-NU210,2026-06-09,2026-06-23,2026-06-23,12
PO-00553,SUP-01,BRG-NU210,2026-07-28,2026-08-11,2026-08-11,12
PO-00554,SUP-01,BRG-NU210,2026-08-18,2026-09-01,2026-09-01,12
PO-00555,SUP-01,BRG-NU210,2026-09-01,2026-09-15,2026-09-15,12
PO-00556,SUP-01,BRG-NU210,2026-09-29,2026-10-13,,12
PO-00557,SUP-01,SEAL-GSK-DN50,2025-10-07,2025-10-21,2025-10-21,44
PO-00558,SUP-01,SEAL-GSK-DN50,2025-10-28,2025-11-11,2025-11-11,44
PO-00559,SUP-01,SEAL-GSK-DN50,2025-11-04,2025-11-18,2025-11-18,44
PO-00560,SUP-01,SEAL-GSK-DN50,2025-11-18,2025-12-02,2025-12-09,44
PO-00561,SUP-01,SEAL-GSK-DN50,2025-11-18,2025-12-02,2025-11-25,44
PO-00562,SUP-01,SEAL-GSK-DN50,2025-11-25,2025-12-09,2025-12-09,44
PO-00563,SUP-01,SEAL-GSK-DN50,2025-12-16,2025-12-30,2025-12-30,44
PO-00564,SUP-01,SEAL-GSK-DN50,2025-12-23,2026-01-06,2026-01-06,44
PO-00565,SUP-01,SEAL-GSK-DN50,2026-01-27,2026-02-10,2026-02-17,44
PO-00566,SUP-01,SEAL-GSK-DN50,2026-02-03,2026-02-17,2026-02-17,44
PO-00567,SUP-01,SEAL-GSK-DN50,2026-02-17,2026-03-03,2026-03-03,44
PO-00568,SUP-01,SEAL-GSK-DN50,2026-02-17,2026-03-03,2026-03-03,44
PO-00569,SUP-01,SEAL-GSK-DN50,2026-03-10,2026-03-24,2026-03-24,44
PO-00570,SUP-01,SEAL-GSK-DN50,2026-03-31,2026-04-14,2026-04-14,44
PO-00571,SUP-01,SEAL-GSK-DN50,2026-04-14,2026-04-28,2026-04-28,44
PO-00572,SUP-01,SEAL-GSK-DN50,2026-04-21,2026-05-05,2026-05-12,44
PO-00573,SUP-01,SEAL-GSK-DN50,2026-05-12,2026-05-26,2026-05-26,44
PO-00574,SUP-01,SEAL-GSK-DN50,2026-05-19,2026-06-02,2026-06-02,44
PO-00575,SUP-01,SEAL-GSK-DN50,2026-06-23,2026-07-07,2026-07-07,44
PO-00576,SUP-01,SEAL-GSK-DN50,2026-06-23,2026-07-07,2026-06-30,44
PO-00577,SUP-01,SEAL-GSK-DN50,2026-06-30,2026-07-14,2026-07-14,44
PO-00578,SUP-01,SEAL-GSK-DN50,2026-07-21,2026-08-04,2026-08-04,44
PO-00579,SUP-01,SEAL-GSK-DN50,2026-08-04,2026-08-18,2026-08-11,44
PO-00580,SUP-01,SEAL-GSK-DN50,2026-08-18,2026-09-01,2026-09-01,44
PO-00581,SUP-01,SEAL-GSK-DN50,2026-09-15,2026-09-29,2026-09-29,44
PO-00582,SUP-01,SEAL-GSK-DN50,2026-09-29,2026-10-13,,44
PO-00583,SUP-01,SEAL-PACK-12,2025-11-04,2025-11-18,2025-11-18,8
PO-00584,SUP-01,SEAL-PACK-12,2025-11-18,2025-12-02,2025-12-02,8
PO-00585,SUP-01,SEAL-PACK-12,2025-12-02,2025-12-16,2025-12-16,8
PO-00586,SUP-01,SEAL-PACK-12,2026-01-20,2026-02-03,2026-02-03,8
PO-00587,SUP-01,SEAL-PACK-12,2026-02-10,2026-02-24,2026-02-24,8
PO-00588,SUP-01,SEAL-PACK-12,2026-03-31,2026-04-14,2026-04-07,8
PO-00589,SUP-01,SEAL-PACK-12,2026-06-23,2026-07-07,2026-07-07,8
PO-00590,SUP-01,SEAL-PACK-12,2026-09-01,2026-09-15,2026-09-15,8
PO-00591,SUP-02,HYD-CYL-63,2025-10-14,2025-11-04,2025-11-04,6
PO-00592,SUP-02,HYD-CYL-63,2025-11-25,2025-12-16,2025-12-16,6
PO-00593,SUP-02,HYD-CYL-63,2025-11-25,2025-12-16,2025-12-16,6
PO-00594,SUP-02,HYD-CYL-63,2025-12-30,2026-01-20,2026-01-20,6
PO-00595,SUP-02,HYD-CYL-63,2026-01-13,2026-02-03,2026-02-10,6
PO-00596,SUP-02,HYD-CYL-63,2026-03-24,2026-04-14,2026-04-14,6
PO-00597,SUP-02,HYD-CYL-63,2026-04-21,2026-05-12,2026-05-05,6
PO-00598,SUP-02,HYD-CYL-63,2026-04-21,2026-05-12,2026-05-12,6
PO-00599,SUP-02,HYD-CYL-63,2026-05-12,2026-06-02,2026-06-02,6
PO-00600,SUP-02,HYD-CYL-63,2026-06-23,2026-07-14,2026-07-14,6
PO-00601,SUP-02,HYD-CYL-63,2026-07-14,2026-08-04,2026-08-04,6
PO-00602,SUP-02,HYD-CYL-63,2026-08-11,2026-09-01,2026-09-08,6
PO-00603,SUP-02,HYD-CYL-63,2026-08-25,2026-09-15,2026-09-22,6
PO-00604,SUP-02,HYD-CYL-63,2026-09-08,2026-09-29,2026-09-29,6
PO-00605,SUP-02,HYD-FILT-10,2025-10-21,2025-11-11,2025-11-04,72
PO-00606,SUP-02,HYD-FILT-10,2025-11-18,2025-12-09,2025-12-09,72
PO-00607,SUP-02,HYD-FILT-10,2025-12-16,2026-01-06,2026-01-06,72
PO-00608,SUP-02,HYD-FILT-10,2026-01-13,2026-02-03,2026-02-10,72
PO-00609,SUP-02,HYD-FILT-10,2026-02-17,2026-03-10,2026-03-17,72
PO-00610,SUP-02,HYD-FILT-10,2026-03-24,2026-04-14,2026-04-14,72
PO-00611,SUP-02,HYD-FILT-10,2026-04-14,2026-05-05,2026-05-12,72
PO-00612,SUP-02,HYD-FILT-10,2026-05-05,2026-05-26,2026-06-02,72
PO-00613,SUP-02,HYD-FILT-10,2026-06-09,2026-06-30,2026-06-30,72
PO-00614,SUP-02,HYD-FILT-10,2026-07-07,2026-07-28,2026-07-21,72
PO-00615,SUP-02,HYD-FILT-10,2026-08-11,2026-09-01,2026-09-08,72
PO-00616,SUP-02,HYD-FILT-10,2026-09-08,2026-09-29,2026-09-29,72
PO-00617,SUP-02,HYD-FILT-10,2026-09-22,2026-10-13,,72
PO-00618,SUP-04,ELE-VFD-2K2,2025-10-28,2025-11-11,2025-11-11,5
PO-00619,SUP-04,ELE-VFD-2K2,2025-11-18,2025-12-02,2025-11-25,5
PO-00620,SUP-04,ELE-VFD-2K2,2025-11-25,2025-12-09,2025-12-09,5
PO-00621,SUP-04,ELE-VFD-2K2,2025-12-16,2025-12-30,2025-12-30,5
PO-00622,SUP-04,ELE-VFD-2K2,2025-12-30,2026-01-13,2026-01-13,5
PO-00623,SUP-04,ELE-VFD-2K2,2026-02-03,2026-02-17,2026-02-17,5
PO-00624,SUP-04,ELE-VFD-2K2,2026-03-31,2026-04-14,2026-04-14,5
PO-00625,SUP-04,ELE-VFD-2K2,2026-06-16,2026-06-30,2026-06-23,5
PO-00626,SUP-04,ELE-VFD-2K2,2026-07-21,2026-08-04,2026-08-04,5
PO-00627,SUP-04,ELE-CBL-3G15,2025-10-14,2025-10-28,2025-10-28,24
PO-00628,SUP-04,ELE-CBL-3G15,2025-11-04,2025-11-18,2025-11-18,24
PO-00629,SUP-04,ELE-CBL-3G15,2025-12-16,2025-12-30,2025-12-30,24
PO-00630,SUP-04,ELE-CBL-3G15,2026-01-20,2026-02-03,2026-02-03,24
PO-00631,SUP-04,ELE-CBL-3G15,2026-02-10,2026-02-24,2026-02-24,24
PO-00632,SUP-04,ELE-CBL-3G15,2026-03-24,2026-04-07,2026-04-07,24
PO-00633,SUP-04,ELE-CBL-3G15,2026-04-07,2026-04-21,2026-04-21,24
PO-00634,SUP-04,ELE-CBL-3G15,2026-05-12,2026-05-26,2026-05-26,24
PO-00635,SUP-04,ELE-CBL-3G15,2026-06-16,2026-06-30,2026-06-30,24
PO-00636,SUP-04,ELE-CBL-3G15,2026-07-14,2026-07-28,2026-07-28,24
PO-00637,SUP-04,ELE-CBL-3G15,2026-08-04,2026-08-18,2026-08-18,24
PO-00638,SUP-04,ELE-CBL-3G15,2026-09-15,2026-09-29,2026-09-29,24
PO-00639,SUP-05,FAS-THR-M12,2025-11-18,2025-11-25,2025-11-25,56
PO-00640,SUP-05,FAS-THR-M12,2025-12-30,2026-01-06,2026-01-06,56
PO-00641,SUP-05,FAS-THR-M12,2026-02-17,2026-02-24,2026-02-24,56
PO-00642,SUP-05,FAS-THR-M12,2026-03-17,2026-03-24,2026-03-24,168
PO-00643,SUP-05,FAS-THR-M12,2026-07-07,2026-07-14,2026-07-14,168
PO-00644,SUP-05,FAS-CLIP-20,2025-10-21,2025-10-28,2025-10-28,24
PO-00645,SUP-05,FAS-CLIP-20,2025-12-02,2025-12-09,2025-12-09,24
PO-00646,SUP-05,FAS-CLIP-20,2025-12-16,2025-12-23,2025-12-23,24
PO-00647,SUP-05,FAS-CLIP-20,2026-02-03,2026-02-10,2026-02-10,24
PO-00648,SUP-05,FAS-CLIP-20,2026-03-10,2026-03-17,2026-03-17,72
PO-00649,SUP-05,FAS-CLIP-20,2026-05-26,2026-06-02,2026-06-02,72
PO-00650,SUP-05,FAS-CLIP-20,2026-09-29,2026-10-06,,72
PO-00651,SUP-05,FAS-RIV-48,2025-11-18,2025-11-25,2025-11-25,16
PO-00652,SUP-05,FAS-RIV-48,2025-11-25,2025-12-02,2025-12-02,16
PO-00653,SUP-05,FAS-RIV-48,2025-12-02,2025-12-09,2025-12-09,16
PO-00654,SUP-05,FAS-RIV-48,2026-01-06,2026-01-13,2026-01-13,16
PO-00655,SUP-05,FAS-RIV-48,2026-03-03,2026-03-10,2026-03-10,48
PO-00656,SUP-05,FAS-RIV-48,2026-06-23,2026-06-30,2026-06-30,48
PO-00657,SUP-05,FAS-RIV-48,2026-07-28,2026-08-04,2026-08-04,48
PO-00658,SUP-07,SAF-SIGN-EX,2025-12-16,2025-12-23,2025-12-23,4
PO-00659,SUP-07,SAF-SIGN-EX,2026-01-06,2026-01-13,2026-01-13,4
PO-00660,SUP-07,SAF-SIGN-EX,2026-02-10,2026-02-17,2026-02-17,4
PO-00661,SUP-07,SAF-SIGN-EX,2026-03-17,2026-03-24,2026-03-24,4
PO-00662,SUP-07,SAF-SIGN-EX,2026-05-19,2026-05-26,2026-05-26,4
PO-00663,SUP-07,SAF-SIGN-EX,2026-06-02,2026-06-09,2026-06-09,4
PO-00664,SUP-07,SAF-SIGN-EX,2026-06-09,2026-06-16,2026-06-16,4
PO-00665,SUP-07,SAF-SIGN-EX,2026-07-21,2026-07-28,2026-07-28,4
PO-00666,SUP-07,SAF-SIGN-EX,2026-08-04,2026-08-11,2026-08-11,4
PO-00667,SUP-07,SAF-SIGN-EX,2026-09-29,2026-10-06,,4
PO-00668,SUP-06,PNEU-SIL-14,2025-11-04,2025-11-25,2025-11-18,48
PO-00669,SUP-06,PNEU-SIL-14,2025-11-18,2025-12-09,2025-12-09,48
PO-00670,SUP-06,PNEU-SIL-14,2025-12-16,2026-01-06,2025-12-30,48
PO-00671,SUP-06,PNEU-SIL-14,2025-12-30,2026-01-20,2026-01-27,48
PO-00672,SUP-06,PNEU-SIL-14,2026-02-24,2026-03-17,2026-03-17,48
PO-00673,SUP-06,PNEU-SIL-14,2026-04-07,2026-04-28,2026-04-28,48
PO-00674,SUP-06,PNEU-SIL-14,2026-05-05,2026-05-26,2026-05-26,48
PO-00675,SUP-06,PNEU-SIL-14,2026-07-07,2026-07-28,2026-07-28,48
PO-00676,SUP-06,PNEU-SIL-14,2026-09-08,2026-09-29,2026-09-29,48
PO-00677,SUP-06,PNEU-GAUGE-63,2025-10-07,2025-10-28,2025-10-28,20
PO-00678,SUP-06,PNEU-GAUGE-63,2025-10-28,2025-11-18,2025-11-18,20
PO-00679,SUP-06,PNEU-GAUGE-63,2025-12-09,2025-12-30,2025-12-30,20
PO-00680,SUP-06,PNEU-GAUGE-63,2026-01-13,2026-02-03,2026-02-03,20
PO-00681,SUP-06,PNEU-GAUGE-63,2026-02-24,2026-03-17,2026-03-17,20
PO-00682,SUP-06,PNEU-GAUGE-63,2026-03-17,2026-04-07,2026-03-31,20
PO-00683,SUP-06,PNEU-GAUGE-63,2026-04-14,2026-05-05,2026-05-05,20
PO-00684,SUP-06,PNEU-GAUGE-63,2026-05-05,2026-05-26,2026-06-02,20
PO-00685,SUP-06,PNEU-GAUGE-63,2026-06-02,2026-06-23,2026-06-30,20
PO-00686,SUP-06,PNEU-GAUGE-63,2026-08-04,2026-08-25,2026-08-25,20
PO-00687,SUP-06,PNEU-GAUGE-63,2026-09-22,2026-10-13,,20
